SystemTime, ADC 1 (Vibration), ADC 2 (Battery), 
1657914626.822122, 143, 1, 
1657914626.82512, 132, 1, 
1657914626.8274376, 122, 1, 
1657914626.8295398, 113, 1, 
1657914626.8316638, 103, 1, 
1657914626.8340087, 95, 1, 
1657914626.836126, 88, 1, 
1657914626.8384297, 81, 1, 
1657914626.840659, 75, 1, 
1657914626.8428006, 70, 1, 
1657914626.8568988, 65, 1, 
1657914626.8592088, 60, 1, 
1657914626.861329, 55, 1, 
1657914626.8634434, 51, 1, 
1657914626.8655381, 47, 1, 
1657914626.8676534, 43, 1, 
1657914626.8697748, 39, 1, 
1657914626.8718863, 38, 1, 
1657914626.8739922, 35, 1, 
1657914626.8760948, 31, 1, 
1657914626.883135, 29, 1, 
1657914626.8855307, 26, 1, 
1657914626.8912103, 24, 1, 
1657914626.8943992, 23, 1, 
1657914626.8966537, 21, 1, 
1657914626.8987772, 20, 1, 
1657914626.9008894, 20, 1, 
1657914626.9030015, 16, 1, 
1657914626.9051092, 15, 1, 
1657914626.9072678, 14, 1, 
1657914626.9144328, 13, 1, 
1657914626.9169881, 11, 1, 
1657914626.9196324, 11, 1, 
1657914626.9220033, 10, 1, 
1657914626.9243338, 9, 1, 
1657914626.9266596, 8, 1, 
1657914626.9289885, 7, 1, 
1657914626.9313319, 7, 1, 
1657914626.9336584, 6, 1, 
1657914626.936014, 5, 1, 
1657914626.9481623, 6, 1, 
1657914626.950634, 5, 1, 
1657914626.952968, 4, 1, 
1657914626.955348, 4, 1, 
1657914626.9577947, 4, 1, 
1657914626.9601235, 3, 1, 
1657914626.9624727, 3, 1, 
1657914626.9648285, 1, 1, 
1657914626.9674773, 2, 1, 
1657914626.969878, 5, 1, 
1657914626.9771986, 2, 1, 
1657914626.979665, 2, 1, 
1657914626.981997, 2, 1, 
1657914626.9843376, 1, 1, 
1657914626.986689, 1, 1, 
1657914626.9890208, 0, 1, 
1657914626.991585, 1, 1, 
1657914626.994015, 1, 1, 
1657914626.9963608, 0, 1, 
1657914626.9987395, 0, 1, 
1657914627.0061102, 0, 1, 
1657914627.0086348, 1, 1, 
1657914627.010968, 0, 1, 
1657914627.0133393, 0, 1, 
1657914627.0159943, 0, 1, 
1657914627.0187113, 0, 1, 
1657914627.0242937, 0, 1, 
1657914627.0274956, 0, 1, 
1657914627.03013, 0, 1, 
1657914627.0325022, 0, 1, 
1657914627.0419862, 0, 1, 
1657914627.0444508, 0, 1, 
1657914627.0468028, 0, 0, 
1657914627.0491545, 0, 1, 
1657914627.0522282, 0, 1, 
1657914627.0546496, 0, 1, 
1657914627.057015, 0, 1, 
1657914627.0594063, 0, 1, 
1657914627.0617788, 0, 1, 
1657914627.0641444, 0, 1, 
1657914627.0714643, 0, 1, 
1657914627.0739455, 0, 1, 
1657914627.0768418, 0, 1, 
1657914627.0793216, 0, 1, 
1657914627.0816934, 0, 1, 
1657914627.0840654, 0, 1, 
1657914627.0864296, 0, 1, 
1657914627.0889032, 0, 1, 
1657914627.0912771, 0, 1, 
1657914627.0936491, 0, 1, 
1657914627.1011894, 0, 1, 
1657914627.103714, 0, 1, 
1657914627.1060846, 0, 1, 
1657914627.1085746, 0, 1, 
1657914627.1109476, 0, 1, 
1657914627.1133366, 0, 1, 
1657914627.115705, 0, 1, 
1657914627.1180892, 0, 1, 
1657914627.1204498, 0, 1, 
1657914627.1228073, 0, 1, 
1657914627.1325195, 0, 1, 
1657914627.1350617, 0, 1, 
1657914627.1374385, 0, 1, 
1657914627.139948, 0, 1, 
1657914627.142382, 0, 1, 
1657914627.144797, 0, 1, 
1657914627.1471648, 0, 1, 
1657914627.1497517, 0, 1, 
1657914627.1521575, 0, 1, 
1657914627.1546025, 0, 1, 
1657914627.161942, 0, 1, 
1657914627.164437, 0, 1, 
1657914627.166813, 0, 1, 
1657914627.1692302, 0, 1, 
1657914627.1717713, 0, 1, 
1657914627.1741745, 0, 1, 
1657914627.1765234, 0, 1, 
1657914627.1789458, 0, 1, 
1657914627.1813111, 0, 1, 
1657914627.183672, 0, 1, 
1657914627.1910434, 0, 1, 
1657914627.193502, 0, 1, 
1657914627.196289, 0, 1, 
1657914627.1987731, 0, 1, 
1657914627.2046828, 0, 1, 
1657914627.2079086, 0, 1, 
1657914627.210509, 0, 1, 
1657914627.2128773, 0, 1, 
1657914627.215264, 0, 1, 
1657914627.2176254, 0, 1, 
1657914627.2247078, 0, 1, 
1657914627.22718, 0, 1, 
1657914627.2295415, 0, 1, 
1657914627.2320497, 0, 1, 
1657914627.2346897, 0, 1, 
1657914627.237072, 0, 1, 
1657914627.239445, 0, 1, 
1657914627.2418108, 0, 1, 
1657914627.24418, 0, 1, 
1657914627.2465844, 0, 1, 
1657914627.2538252, 0, 1, 
1657914627.2562897, 0, 1, 
1657914627.259186, 0, 1, 
1657914627.2615414, 0, 1, 
1657914627.2639065, 0, 1, 
1657914627.2662547, 0, 1, 
1657914627.2686403, 0, 1, 
1657914627.2710469, 0, 1, 
1657914627.2734087, 0, 1, 
1657914627.2757905, 0, 1, 
1657914627.2861674, 0, 1, 
1657914627.288677, 0, 1, 
1657914627.291052, 0, 1, 
1657914627.293415, 0, 1, 
1657914627.29578, 0, 1, 
1657914627.2982156, 0, 1, 
1657914627.3005803, 0, 1, 
1657914627.3029463, 0, 1, 
1657914627.305864, 0, 1, 
1657914627.3082972, 0, 1, 
1657914627.3154519, 0, 1, 
1657914627.3179715, 0, 1, 
1657914627.3203478, 0, 1, 
1657914627.322713, 0, 1, 
1657914627.3250718, 0, 1, 
1657914627.327435, 0, 1, 
1657914627.3302567, 0, 1, 
1657914627.3326194, 0, 1, 
1657914627.335035, 0, 1, 
1657914627.3418806, 0, 1, 
1657914627.34939, 0, 1, 
1657914627.3518667, 0, 1, 
1657914627.354239, 0, 1, 
1657914627.3565977, 0, 1, 
1657914627.3590403, 0, 1, 
1657914627.361407, 0, 1, 
1657914627.3637784, 0, 1, 
1657914627.3665156, 0, 1, 
1657914627.3689258, 0, 1, 
1657914627.3712976, 0, 1, 
1657914627.3787677, 0, 1, 
1657914627.3812468, 0, 1, 
1657914627.3836195, 0, 1, 
1657914627.3859894, 0, 1, 
1657914627.388647, 0, 1, 
1657914627.3912706, 0, 1, 
1657914627.393643, 0, 1, 
1657914627.3959975, 0, 1, 
1657914627.3984597, 0, 1, 
1657914627.4008253, 0, 1, 
1657914627.4080856, 0, 1, 
1657914627.4105666, 0, 1, 
1657914627.4129324, 0, 1, 
1657914627.4157698, 0, 1, 
1657914627.4181774, 0, 1, 
1657914627.4205315, 0, 1, 
1657914627.4228926, 0, 1, 
1657914627.4252293, 0, 1, 
1657914627.4275749, 0, 1, 
1657914627.429941, 0, 1, 
1657914627.4371023, 0, 1, 
1657914627.4399428, 0, 1, 
1657914627.4423523, 0, 1, 
1657914627.444721, 0, 1, 
1657914627.4473598, 0, 1, 
1657914627.4497387, 0, 1, 
1657914627.4521594, 0, 1, 
1657914627.4545543, 0, 1, 
1657914627.4569845, 0, 1, 
1657914627.4594429, 0, 1, 
1657914627.466865, 0, 1, 
1657914627.4694717, 0, 1, 
1657914627.4718518, 0, 1, 
1657914627.4742627, 0, 1, 
1657914627.4767056, 0, 1, 
1657914627.479271, 0, 1, 
1657914627.4826107, 0, 1, 
1657914627.4854622, 0, 1, 
1657914627.4879024, 0, 1, 
1657914627.4906726, 0, 1, 
1657914627.4982588, 0, 1, 
1657914627.5007186, 0, 1, 
1657914627.5034924, 0, 1, 
1657914627.5062413, 0, 1, 
1657914627.5092423, 0, 1, 
1657914627.5144937, 0, 1, 
1657914627.517897, 0, 1, 
1657914627.520957, 0, 1, 
1657914627.5235176, 0, 1, 
1657914627.5262768, 0, 1, 
1657914627.5339792, 0, 1, 
1657914627.5366538, 0, 1, 
1657914627.5391874, 0, 1, 
1657914627.5420535, 0, 1, 
1657914627.5450237, 0, 1, 
1657914627.547511, 0, 1, 
1657914627.5500357, 0, 1, 
1657914627.5525532, 0, 1, 
1657914627.555073, 0, 1, 
1657914627.557579, 0, 1, 
1657914627.565098, 0, 1, 
1657914627.5681648, 0, 1, 
1657914627.5706713, 0, 1, 
1657914627.5732026, 0, 1, 
1657914627.5757265, 0, 1, 
1657914627.5782678, 0, 1, 
1657914627.58077, 0, 1, 
1657914627.5833087, 0, 1, 
1657914627.5858145, 0, 1, 
1657914627.5883484, 0, 1, 
1657914627.596573, 0, 1, 
1657914627.5992625, 0, 1, 
1657914627.6017857, 0, 1, 
1657914627.6043077, 0, 1, 
1657914627.6068141, 0, 1, 
1657914627.6093383, 0, 1, 
1657914627.6118586, 0, 1, 
1657914627.614434, 0, 1, 
1657914627.6174834, 0, 1, 
1657914627.6198535, 0, 1, 
1657914627.6291075, 0, 1, 
1657914627.6315634, 0, 1, 
1657914627.6339955, 0, 1, 
1657914627.6363468, 0, 1, 
1657914627.6387627, 0, 1, 
1657914627.6415143, 0, 1, 
1657914627.6440458, 0, 1, 
1657914627.6496606, 0, 1, 
1657914627.6528733, 0, 1, 
1657914627.6555493, 0, 1, 
1657914627.662678, 0, 1, 
1657914627.6651442, 0, 1, 
1657914627.6675081, 0, 1, 
1657914627.669836, 0, 1, 
1657914627.672155, 0, 1, 
1657914627.6744764, 0, 1, 
1657914627.677234, 0, 1, 
1657914627.6798785, 0, 1, 
1657914627.682239, 0, 1, 
1657914627.684603, 0, 1, 
1657914627.691849, 0, 1, 
1657914627.6943073, 0, 1, 
1657914627.6966434, 0, 1, 
1657914627.6991105, 0, 1, 
1657914627.7016504, 0, 1, 
1657914627.7040546, 0, 1, 
1657914627.7064123, 0, 1, 
1657914627.708825, 0, 1, 
1657914627.711187, 0, 1, 
1657914627.7135432, 0, 1, 
1657914627.720912, 0, 1, 
1657914627.7236211, 0, 1, 
1657914627.726243, 0, 1, 
1657914627.728657, 0, 1, 
1657914627.7310297, 0, 1, 
1657914627.7333932, 0, 1, 
1657914627.7357564, 0, 1, 
1657914627.7381287, 0, 1, 
1657914627.7404866, 0, 1, 
1657914627.742838, 0, 1, 
1657914627.7501013, 0, 1, 
1657914627.7525454, 0, 1, 
1657914627.7552724, 0, 1, 
1657914627.7576158, 0, 1, 
1657914627.7600222, 0, 1, 
1657914627.762441, 0, 1, 
1657914627.7650678, 0, 1, 
1657914627.7674744, 0, 1, 
1657914627.7699473, 0, 1, 
1657914627.7724059, 0, 1, 
1657914627.7828248, 0, 1, 
1657914627.7853136, 0, 1, 
1657914627.7878141, 0, 1, 
1657914627.7904596, 0, 1, 
1657914627.7928178, 0, 1, 
1657914627.795181, 0, 1, 
1657914627.7975152, 0, 1, 
1657914627.7998793, 1, 1, 
1657914627.8022232, 0, 1, 
1657914627.8045893, 0, 1, 
1657914627.8123906, 0, 1, 
1657914627.814977, 0, 1, 
1657914627.8173966, 0, 1, 
1657914627.823495, 0, 1, 
1657914627.8273318, 0, 1, 
1657914627.832508, 0, 1, 
1657914627.8348882, 0, 1, 
1657914627.8372488, 0, 1, 
1657914627.8396027, 0, 1, 
1657914627.8419685, 0, 1, 
1657914627.8493652, 0, 1, 
1657914627.8518245, 0, 1, 
1657914627.8547416, 0, 1, 
1657914627.8571832, 0, 1, 
1657914627.8595634, 0, 1, 
1657914627.861923, 0, 1, 
1657914627.8642895, 0, 1, 
1657914627.866686, 0, 1, 
1657914627.8690486, 0, 1, 
1657914627.8714075, 0, 1, 
1657914627.8791664, 0, 1, 
1657914627.88158, 0, 1, 
1657914627.8839138, 0, 1, 
1657914627.8862872, 0, 1, 
1657914627.888744, 0, 1, 
1657914627.8910875, 0, 1, 
1657914627.8934438, 0, 1, 
1657914627.8958387, 0, 1, 
1657914627.898208, 0, 1, 
1657914627.9005702, 0, 1, 
1657914627.9082892, 0, 1, 
1657914627.9107778, 0, 1, 
1657914627.9131515, 0, 1, 
1657914627.9155116, 0, 1, 
1657914627.91792, 0, 1, 
1657914627.9202812, 0, 1, 
1657914627.922643, 0, 1, 
1657914627.925185, 0, 1, 
1657914627.9281, 0, 1, 
1657914627.9304583, 0, 1, 
1657914627.941528, 0, 1, 
1657914627.9445312, 0, 1, 
1657914627.947128, 0, 1, 
1657914627.9500082, 0, 1, 
1657914627.9528716, 0, 1, 
1657914627.955465, 0, 1, 
1657914627.9618328, 0, 1, 
1657914627.965259, 0, 1, 
1657914627.9676151, 0, 1, 
1657914627.9699755, 0, 1, 
1657914627.9770153, 0, 1, 
1657914627.9795034, 0, 1, 
1657914627.9818645, 2, 1, 
1657914627.9842277, 0, 1, 
1657914627.9867625, 0, 1, 
1657914627.9895778, 0, 1, 
1657914627.991939, 0, 1, 
1657914627.9942982, 0, 1, 
1657914627.9966583, 0, 1, 
1657914627.9990237, 0, 1, 
1657914628.0108564, 0, 1, 
1657914628.0138738, 0, 1, 
1657914628.0162284, 0, 1, 
1657914628.018661, 0, 1, 
1657914628.0211802, 0, 1, 
1657914628.0237002, 0, 1, 
1657914628.0261822, 0, 1, 
1657914628.0287318, 0, 1, 
1657914628.0312352, 0, 1, 
1657914628.0337534, 0, 1, 
1657914628.0423129, 0, 1, 
1657914628.0449646, 0, 1, 
1657914628.047459, 0, 1, 
1657914628.0502033, 0, 1, 
1657914628.0534668, 0, 1, 
1657914628.0559962, 0, 1, 
1657914628.0586493, 0, 1, 
1657914628.0615776, 0, 1, 
1657914628.0640545, 0, 1, 
1657914628.0666888, 0, 1, 
1657914628.0761847, 0, 1, 
1657914628.0791771, 0, 1, 
1657914628.0817115, 0, 1, 
1657914628.0843294, 0, 1, 
1657914628.0869434, 0, 1, 
1657914628.0897713, 0, 1, 
1657914628.0928066, 0, 1, 
1657914628.095344, 0, 1, 
1657914628.097826, 0, 1, 
1657914628.1003852, 0, 1, 
1657914628.1084394, 0, 1, 
1657914628.111075, 0, 1, 
1657914628.1135917, 0, 1, 
1657914628.1161773, 0, 1, 
1657914628.1188364, 0, 1, 
1657914628.1212168, 0, 1, 
1657914628.1235936, 0, 1, 
1657914628.125953, 0, 1, 
1657914628.1287212, 0, 1, 
1657914628.1313014, 0, 1, 
1657914628.138731, 0, 1, 
1657914628.1421404, 0, 1, 
1657914628.1445663, 0, 1, 
1657914628.1469378, 0, 1, 
1657914628.1493099, 0, 1, 
1657914628.1516728, 0, 1, 
1657914628.1546988, 0, 1, 
1657914628.1571963, 0, 1, 
1657914628.1595745, 0, 1, 
1657914628.1619408, 0, 1, 
1657914628.169516, 0, 1, 
1657914628.1719947, 0, 1, 
1657914628.1743503, 0, 1, 
1657914628.17671, 0, 1, 
1657914628.1791277, 0, 1, 
1657914628.181491, 0, 1, 
1657914628.1838307, 0, 1, 
1657914628.1861963, 0, 1, 
1657914628.1885896, 0, 1, 
1657914628.191423, 0, 1, 
1657914628.1984665, 0, 1, 
1657914628.20095, 0, 1, 
1657914628.203341, 0, 1, 
1657914628.2057004, 0, 1, 
1657914628.2081404, 0, 1, 
1657914628.210507, 0, 1, 
1657914628.2130558, 0, 1, 
1657914628.2158585, 0, 1, 
1657914628.2182975, 0, 1, 
1657914628.2206674, 0, 1, 
1657914628.227808, 0, 1, 
1657914628.2302775, 0, 1, 
1657914628.2326646, 0, 1, 
1657914628.235033, 0, 1, 
1657914628.2378867, 0, 1, 
1657914628.2405245, 0, 1, 
1657914628.242895, 0, 1, 
1657914628.2452562, 0, 1, 
1657914628.2476034, 0, 1, 
1657914628.2499712, 0, 1, 
1657914628.259661, 0, 1, 
1657914628.2625241, 0, 1, 
1657914628.2650554, 0, 1, 
1657914628.2675574, 0, 1, 
1657914628.2735202, 0, 1, 
1657914628.2768788, 0, 1, 
1657914628.27925, 0, 1, 
1657914628.2816138, 0, 1, 
1657914628.2839942, 0, 1, 
1657914628.2863593, 0, 1, 
1657914628.2935667, 0, 1, 
1657914628.2960236, 0, 1, 
1657914628.2986317, 0, 1, 
1657914628.3015141, 0, 1, 
1657914628.3038425, 0, 1, 
1657914628.306159, 0, 1, 
1657914628.3085668, 0, 1, 
1657914628.3109238, 0, 1, 
1657914628.3132856, 0, 1, 
1657914628.3156507, 0, 1, 
1657914628.3232543, 0, 1, 
1657914628.3259647, 0, 1, 
1657914628.3283806, 0, 1, 
1657914628.330748, 0, 1, 
1657914628.3331, 0, 1, 
1657914628.3354623, 0, 1, 
1657914628.337823, 0, 1, 
1657914628.3401926, 0, 1, 
1657914628.3425484, 0, 1, 
1657914628.3449109, 0, 1, 
1657914628.3530135, 0, 1, 
1657914628.3555028, 0, 1, 
1657914628.3578944, 0, 1, 
1657914628.3602636, 0, 1, 
1657914628.3629315, 0, 1, 
1657914628.367486, 0, 1, 
1657914628.3698454, 0, 1, 
1657914628.3722112, 0, 1, 
1657914628.374989, 0, 1, 
1657914628.3773332, 0, 1, 
1657914628.3917136, 0, 1, 
1657914628.3943517, 0, 1, 
1657914628.3968084, 0, 1, 
1657914628.399383, 0, 1, 
1657914628.4019885, 0, 1, 
1657914628.4043636, 0, 1, 
1657914628.406692, 0, 1, 
1657914628.4090219, 0, 1, 
1657914628.4116917, 0, 1, 
1657914628.41417, 0, 1, 
1657914628.4218411, 0, 1, 
1657914628.4248645, 0, 1, 
1657914628.4271998, 0, 1, 
1657914628.4295554, 0, 1, 
1657914628.4319189, 0, 1, 
1657914628.4342802, 0, 1, 
1657914628.4366465, 0, 1, 
1657914628.4390042, 0, 1, 
1657914628.4413638, 0, 1, 
1657914628.4437335, 0, 1, 
1657914628.4513226, 0, 1, 
1657914628.4569862, 0, 1, 
1657914628.4602516, 0, 1, 
1657914628.462809, 0, 1, 
1657914628.4652307, 0, 1, 
1657914628.46813, 0, 1, 
1657914628.4712372, 0, 1, 
1657914628.4738173, 0, 1, 
1657914628.4761949, 0, 1, 
1657914628.4785755, 0, 1, 
1657914628.4858875, 0, 1, 
1657914628.488562, 0, 1, 
1657914628.4909406, 0, 1, 
1657914628.4933054, 0, 1, 
1657914628.495654, 0, 1, 
1657914628.498033, 0, 1, 
1657914628.5004, 0, 1, 
1657914628.502759, 0, 1, 
1657914628.5050914, 0, 1, 
1657914628.5074549, 0, 1, 
1657914628.5155036, 0, 1, 
1657914628.5179796, 0, 1, 
1657914628.5203502, 0, 1, 
1657914628.522745, 0, 1, 
1657914628.5251088, 0, 1, 
1657914628.527457, 0, 1, 
1657914628.529811, 0, 1, 
1657914628.532174, 0, 1, 
1657914628.5350597, 0, 1, 
1657914628.5374992, 0, 1, 
1657914628.5467243, 0, 1, 
1657914628.5491934, 0, 1, 
1657914628.551562, 0, 1, 
1657914628.5539281, 0, 1, 
1657914628.5562718, 0, 1, 
1657914628.559243, 0, 1, 
1657914628.5616539, 0, 1, 
1657914628.564024, 0, 1, 
1657914628.5664167, 0, 1, 
1657914628.568809, 0, 1, 
1657914628.576017, 0, 1, 
1657914628.5789683, 0, 1, 
1657914628.5814662, 0, 1, 
1657914628.584158, 0, 1, 
1657914628.5867794, 0, 1, 
1657914628.5921638, 0, 1, 
1657914628.5953805, 0, 1, 
1657914628.598141, 0, 1, 
1657914628.6004975, 0, 1, 
1657914628.6028636, 1, 1, 
1657914628.61004, 0, 1, 
1657914628.6125069, 0, 1, 
1657914628.6148806, 0, 1, 
1657914628.617243, 0, 1, 
1657914628.6201084, 0, 1, 
1657914628.6224818, 0, 1, 
1657914628.624849, 0, 1, 
1657914628.6271992, 0, 1, 
1657914628.6295588, 0, 1, 
1657914628.6319237, 0, 1, 
1657914628.6394243, 0, 1, 
1657914628.6419013, 0, 1, 
1657914628.644855, 0, 1, 
1657914628.6472986, 0, 1, 
1657914628.6496668, 0, 1, 
1657914628.6520343, 0, 1, 
1657914628.6543992, 0, 1, 
1657914628.656804, 0, 1, 
1657914628.6591692, 0, 1, 
1657914628.6615279, 0, 1, 
1657914628.6688716, 0, 1, 
1657914628.6716006, 0, 1, 
1657914628.673975, 0, 1, 
1657914628.6763444, 0, 1, 
1657914628.6803913, 0, 1, 
1657914628.6838207, 0, 1, 
1657914628.6861951, 0, 1, 
1657914628.688575, 0, 1, 
1657914628.6909425, 0, 1, 
1657914628.6937895, 0, 1, 
1657914628.6998231, 0, 1, 
1657914628.7025342, 0, 1, 
1657914628.7048965, 0, 1, 
1657914628.7072117, 0, 1, 
1657914628.7095594, 0, 1, 
1657914628.7121952, 0, 1, 
1657914628.7145288, 0, 1, 
1657914628.7169452, 0, 1, 
1657914628.7194707, 0, 1, 
1657914628.721992, 0, 1, 
1657914628.7329092, 0, 1, 
1657914628.7357059, 0, 1, 
1657914628.7381866, 0, 1, 
1657914628.74051, 0, 1, 
1657914628.74285, 0, 1, 
1657914628.7451615, 0, 1, 
1657914628.7474964, 0, 1, 
1657914628.7498434, 0, 1, 
1657914628.7522, 0, 1, 
1657914628.7545462, 0, 1, 
1657914628.7618408, 0, 1, 
1657914628.7680843, 0, 1, 
1657914628.7715414, 0, 1, 
1657914628.774121, 0, 1, 
1657914628.7765198, 0, 1, 
1657914628.7789261, 0, 1, 
1657914628.7813249, 0, 1, 
1657914628.7838244, 0, 1, 
1657914628.7901027, 0, 1, 
1657914628.792473, 0, 1, 
1657914628.7995822, 0, 1, 
1657914628.8025568, 0, 1, 
1657914628.8049061, 0, 1, 
1657914628.8072662, 0, 1, 
1657914628.8096228, 0, 1, 
1657914628.81199, 0, 1, 
1657914628.8143237, 0, 1, 
1657914628.8166852, 0, 1, 
1657914628.81904, 0, 1, 
1657914628.8214014, 0, 1, 
1657914628.829022, 0, 1, 
1657914628.8314948, 0, 1, 
1657914628.833866, 0, 1, 
1657914628.836231, 0, 1, 
1657914628.8386571, 0, 1, 
1657914628.841017, 0, 1, 
1657914628.843373, 0, 1, 
1657914628.8457386, 0, 1, 
1657914628.8483195, 0, 1, 
1657914628.8511753, 0, 1, 
1657914628.8586435, 0, 1, 
1657914628.8611302, 0, 1, 
1657914628.8634837, 0, 1, 
1657914628.8658435, 0, 1, 
1657914628.868218, 0, 1, 
1657914628.8705745, 0, 1, 
1657914628.8734188, 0, 1, 
1657914628.8758173, 0, 1, 
1657914628.878265, 0, 1, 
1657914628.8806255, 0, 1, 
1657914628.8904686, 0, 1, 
1657914628.8932972, 0, 1, 
1657914628.8960762, 0, 1, 
1657914628.8988862, 0, 1, 
1657914628.9014792, 0, 1, 
1657914628.9065952, 0, 1, 
1657914628.9098852, 0, 1, 
1657914628.9126294, 0, 1, 
1657914628.9150116, 0, 1, 
1657914628.9173765, 0, 1, 
1657914628.9247715, 0, 1, 
1657914628.927395, 0, 1, 
1657914628.9298697, 0, 1, 
1657914628.9326298, 0, 1, 
1657914628.9357312, 0, 1, 
1657914628.9382684, 0, 1, 
1657914628.940788, 0, 1, 
1657914628.9433088, 0, 1, 
1657914628.9458272, 0, 1, 
1657914628.948361, 0, 1, 
1657914628.9561272, 0, 1, 
1657914628.9594514, 0, 1, 
1657914628.9620764, 0, 1, 
1657914628.9646013, 0, 1, 
1657914628.9670966, 0, 1, 
1657914628.9696193, 0, 1, 
1657914628.9721336, 0, 1, 
1657914628.974653, 0, 1, 
1657914628.977201, 0, 1, 
1657914628.9797206, 0, 1, 
1657914628.98779, 0, 1, 
1657914628.9904406, 0, 1, 
1657914628.9929688, 0, 1, 
1657914628.996161, 0, 1, 
1657914628.9997694, 0, 1, 
1657914629.00381, 0, 1, 
1657914629.0063179, 0, 1, 
1657914629.009335, 0, 1, 
1657914629.0118666, 0, 1, 
1657914629.0143545, 0, 1, 
1657914629.0213013, 0, 1, 
1657914629.0246406, 0, 1, 
1657914629.0271695, 0, 1, 
1657914629.0295045, 0, 1, 
1657914629.0318246, 0, 1, 
1657914629.0346656, 0, 1, 
1657914629.0370033, 0, 1, 
1657914629.0393248, 0, 1, 
1657914629.0417616, 0, 1, 
1657914629.0442846, 0, 1, 
1657914629.0518954, 0, 1, 
1657914629.0543308, 0, 1, 
1657914629.0569108, 0, 1, 
1657914629.0596764, 0, 1, 
1657914629.0620394, 0, 1, 
1657914629.064405, 0, 1, 
1657914629.0667515, 0, 1, 
1657914629.0691175, 0, 1, 
1657914629.071479, 0, 1, 
1657914629.0738242, 0, 1, 
1657914629.08327, 0, 1, 
1657914629.0859227, 0, 1, 
1657914629.0923562, 0, 1, 
1657914629.095959, 0, 1, 
1657914629.0984461, 0, 1, 
1657914629.1008124, 0, 1, 
1657914629.1035335, 0, 1, 
1657914629.106235, 0, 1, 
1657914629.1090138, 0, 1, 
1657914629.11137, 0, 1, 
1657914629.1186578, 0, 1, 
1657914629.121711, 0, 1, 
1657914629.1241214, 0, 1, 
1657914629.1264877, 0, 1, 
1657914629.1288831, 1, 1, 
1657914629.1312466, 0, 1, 
1657914629.1336462, 0, 1, 
1657914629.1360111, 0, 1, 
1657914629.138466, 0, 1, 
1657914629.1407769, 0, 1, 
1657914629.1486087, 0, 1, 
1657914629.1510894, 0, 1, 
1657914629.153447, 0, 1, 
1657914629.1558104, 0, 1, 
1657914629.1582577, 0, 1, 
1657914629.1606224, 0, 1, 
1657914629.1629767, 0, 1, 
1657914629.1653373, 0, 1, 
1657914629.1682189, 0, 1, 
1657914629.1708372, 0, 1, 
1657914629.1780093, 0, 1, 
1657914629.1804898, 0, 1, 
1657914629.182844, 0, 1, 
1657914629.185208, 0, 1, 
1657914629.1875606, 0, 1, 
1657914629.1900647, 0, 1, 
1657914629.1926343, 0, 1, 
1657914629.1950223, 0, 1, 
1657914629.1973896, 0, 1, 
1657914629.1997497, 0, 1, 
1657914629.206893, 0, 1, 
1657914629.2098475, 0, 1, 
1657914629.2130158, 0, 1, 
1657914629.2162402, 0, 1, 
1657914629.2188535, 0, 1, 
1657914629.2214735, 0, 1, 
1657914629.2274754, 0, 1, 
1657914629.2308521, 0, 1, 
1657914629.2332113, 0, 1, 
1657914629.2355728, 0, 1, 
1657914629.2456264, 0, 1, 
1657914629.2482405, 0, 1, 
1657914629.250613, 0, 1, 
1657914629.2534442, 1, 1, 
1657914629.2560542, 0, 1, 
1657914629.2584486, 0, 1, 
1657914629.2608156, 0, 1, 
1657914629.2631624, 0, 1, 
1657914629.265522, 0, 1, 
1657914629.2679338, 0, 1, 
1657914629.2750878, 0, 1, 
1657914629.2779584, 0, 1, 
1657914629.2803476, 0, 1, 
1657914629.2827153, 0, 1, 
1657914629.285074, 0, 1, 
1657914629.2874212, 0, 1, 
1657914629.2897892, 0, 1, 
1657914629.29216, 0, 1, 
1657914629.294524, 0, 1, 
1657914629.2968605, 0, 1, 
1657914629.3043027, 0, 1, 
1657914629.306761, 0, 1, 
1657914629.309183, 0, 1, 
1657914629.311543, 0, 1, 
1657914629.3139074, 0, 1, 
1657914629.3165193, 0, 1, 
1657914629.318906, 0, 1, 
1657914629.3212738, 0, 1, 
1657914629.3236403, 0, 1, 
1657914629.326721, 0, 1, 
1657914629.3324344, 0, 1, 
1657914629.3353965, 0, 1, 
1657914629.3378763, 0, 1, 
1657914629.3402147, 0, 1, 
1657914629.342539, 0, 1, 
1657914629.345272, 0, 1, 
1657914629.3475986, 0, 1, 
1657914629.3499508, 0, 1, 
1657914629.3523798, 0, 1, 
1657914629.3549378, 0, 1, 
1657914629.3627877, 0, 1, 
1657914629.3652148, 0, 1, 
1657914629.3679285, 0, 1, 
1657914629.3703737, 0, 1, 
1657914629.3726857, 0, 1, 
1657914629.3749998, 0, 1, 
1657914629.3773153, 0, 1, 
1657914629.3796582, 0, 1, 
1657914629.3819993, 0, 1, 
1657914629.3843527, 0, 1, 
1657914629.3946714, 0, 1, 
1657914629.3971233, 0, 1, 
1657914629.4043977, 0, 1, 
1657914629.4069629, 0, 1, 
1657914629.4094045, 0, 1, 
1657914629.4117675, 0, 1, 
1657914629.4140952, 0, 1, 
1657914629.4164517, 0, 1, 
1657914629.4189208, 0, 1, 
1657914629.4212828, 0, 1, 
1657914629.428569, 0, 1, 
1657914629.4313169, 0, 1, 
1657914629.4337258, 0, 1, 
1657914629.4360943, 0, 1, 
1657914629.438484, 0, 1, 
1657914629.44083, 0, 1, 
1657914629.4432127, 0, 1, 
1657914629.4455652, 0, 1, 
1657914629.44795, 0, 1, 
1657914629.4503038, 0, 1, 
1657914629.4576123, 0, 1, 
1657914629.4600844, 0, 1, 
1657914629.462445, 0, 1, 
1657914629.4647925, 0, 1, 
1657914629.4671233, 0, 1, 
1657914629.4694827, 0, 1, 
1657914629.4718318, 0, 1, 
1657914629.47417, 0, 1, 
1657914629.4767659, 0, 1, 
1657914629.4793873, 0, 1, 
1657914629.4868233, 0, 1, 
1657914629.4892917, 0, 1, 
1657914629.4916549, 0, 1, 
1657914629.494005, 0, 1, 
1657914629.4963546, 0, 1, 
1657914629.4987292, 0, 1, 
1657914629.501282, 0, 1, 
1657914629.5040648, 0, 1, 
1657914629.5063996, 0, 1, 
1657914629.5088015, 0, 1, 
1657914629.5160713, 0, 1, 
1657914629.5190837, 0, 1, 
1657914629.5214615, 0, 1, 
1657914629.5238166, 0, 1, 
1657914629.5266314, 0, 1, 
1657914629.5291443, 0, 1, 
1657914629.531719, 0, 1, 
1657914629.537586, 0, 1, 
1657914629.540929, 0, 1, 
1657914629.5432758, 0, 1, 
1657914629.5504198, 0, 1, 
1657914629.5528722, 0, 1, 
1657914629.5552382, 0, 1, 
1657914629.5575774, 0, 1, 
1657914629.559897, 0, 1, 
1657914629.562397, 0, 1, 
1657914629.5652401, 0, 1, 
1657914629.5675855, 0, 1, 
1657914629.5699437, 0, 1, 
1657914629.5722828, 0, 1, 
1657914629.58151, 0, 1, 
1657914629.5839543, 0, 1, 
1657914629.5864902, 0, 1, 
1657914629.5893917, 0, 1, 
1657914629.5917268, 0, 1, 
1657914629.5940857, 0, 1, 
1657914629.5964122, 0, 1, 
1657914629.5988078, 0, 1, 
1657914629.6011572, 0, 1, 
1657914629.6035006, 0, 1, 
1657914629.6108863, 0, 1, 
1657914629.6138859, 0, 1, 
1657914629.6162424, 0, 1, 
1657914629.6228724, 0, 1, 
1657914629.625219, 0, 1, 
1657914629.6275585, 0, 1, 
1657914629.6299233, 0, 1, 
1657914629.632258, 0, 1, 
1657914629.634601, 0, 1, 
1657914629.6373925, 0, 1, 
1657914629.6431785, 0, 1, 
1657914629.6459095, 0, 1, 
1657914629.6484067, 0, 1, 
1657914629.6507351, 0, 1, 
1657914629.6531281, 0, 1, 
1657914629.6558, 0, 1, 
1657914629.6581697, 0, 1, 
1657914629.660529, 0, 1, 
1657914629.662994, 0, 1, 
1657914629.6656098, 0, 1, 
1657914629.6729522, 0, 1, 
1657914629.6753857, 0, 1, 
1657914629.6781387, 0, 1, 
1657914629.680575, 0, 1, 
1657914629.6828926, 1, 1, 
1657914629.6852064, 0, 1, 
1657914629.6875226, 0, 1, 
1657914629.6898422, 0, 1, 
1657914629.6921642, 0, 1, 
1657914629.6944754, 0, 1, 
1657914629.703578, 0, 1, 
1657914629.7062376, 0, 1, 
1657914629.7113512, 0, 1, 
1657914629.714611, 0, 1, 
1657914629.7171366, 0, 1, 
1657914629.7195837, 0, 1, 
1657914629.7259653, 0, 1, 
1657914629.7284586, 0, 1, 
1657914629.7308087, 0, 1, 
1657914629.733167, 0, 1, 
1657914629.742401, 0, 1, 
1657914629.7448401, 0, 1, 
1657914629.7471945, 0, 1, 
1657914629.7495387, 0, 1, 
1657914629.751891, 1, 1, 
1657914629.7542317, 0, 1, 
1657914629.7565863, 0, 1, 
1657914629.7589831, 0, 1, 
1657914629.761335, 0, 1, 
1657914629.7640908, 0, 1, 
1657914629.7714698, 0, 1, 
1657914629.7739015, 0, 1, 
1657914629.7762213, 0, 1, 
1657914629.7785807, 0, 1, 
1657914629.780937, 0, 1, 
1657914629.7832868, 0, 1, 
1657914629.7856417, 0, 1, 
1657914629.7886095, 0, 1, 
1657914629.7909317, 0, 1, 
1657914629.7932901, 0, 1, 
1657914629.8005188, 0, 1, 
1657914629.802976, 0, 1, 
1657914629.8053377, 0, 1, 
1657914629.8077128, 0, 1, 
1657914629.8100688, 0, 1, 
1657914629.8128552, 0, 1, 
1657914629.8152754, 0, 1, 
1657914629.8176253, 0, 1, 
1657914629.8199823, 0, 1, 
1657914629.8223414, 0, 1, 
1657914629.82975, 0, 1, 
1657914629.8322206, 0, 1, 
1657914629.8345833, 0, 1, 
1657914629.8374512, 0, 1, 
1657914629.8399496, 0, 1, 
1657914629.842478, 0, 1, 
1657914629.8493476, 0, 1, 
1657914629.8519077, 0, 1, 
1657914629.8542552, 0, 1, 
1657914629.8566399, 0, 1, 
1657914629.8637128, 0, 1, 
1657914629.866177, 0, 1, 
1657914629.8685427, 0, 1, 
1657914629.8708925, 0, 1, 
1657914629.873703, 0, 1, 
1657914629.8763123, 0, 1, 
1657914629.8786979, 0, 1, 
1657914629.8810534, 0, 1, 
1657914629.8833957, 0, 1, 
1657914629.885752, 0, 1, 
1657914629.8927627, 0, 1, 
1657914629.895217, 0, 1, 
1657914629.8980663, 0, 1, 
1657914629.9004629, 0, 1, 
1657914629.9028156, 0, 1, 
1657914629.9051764, 0, 1, 
1657914629.907515, 0, 1, 
1657914629.909871, 0, 1, 
1657914629.9122097, 0, 1, 
1657914629.9145617, 0, 1, 
1657914629.924565, 0, 1, 
1657914629.92706, 0, 1, 
1657914629.9295244, 0, 1, 
1657914629.9318898, 0, 1, 
1657914629.9342449, 0, 1, 
1657914629.9365702, 0, 1, 
1657914629.938972, 0, 1, 
1657914629.9413247, 0, 1, 
1657914629.9436798, 0, 1, 
1657914629.9464722, 0, 1, 
1657914629.9525056, 0, 1, 
1657914629.9554827, 0, 1, 
1657914629.9579291, 0, 1, 
1657914629.9602542, 0, 1, 
1657914629.9625764, 0, 1, 
1657914629.9651701, 0, 1, 
1657914629.9674938, 0, 1, 
1657914629.9699812, 0, 1, 
1657914629.9724162, 0, 1, 
1657914629.9749713, 0, 1, 
1657914629.9886875, 0, 1, 
1657914629.9911168, 0, 1, 
1657914629.9934347, 0, 1, 
1657914629.995793, 0, 1, 
1657914629.9981298, 0, 1, 
1657914630.0004838, 0, 1, 
1657914630.0028362, 0, 1, 
1657914630.005169, 0, 1, 
1657914630.0075214, 0, 1, 
1657914630.009876, 0, 1, 
1657914630.0209098, 0, 1, 
1657914630.024189, 0, 1, 
1657914630.026716, 0, 1, 
1657914630.0297577, 0, 1, 
1657914630.032131, 0, 1, 
1657914630.0344608, 0, 1, 
1657914630.0368006, 0, 1, 
1657914630.0391946, 0, 1, 
1657914630.0415492, 0, 1, 
1657914630.0438902, 0, 1, 
1657914630.051073, 0, 1, 
1657914630.053519, 0, 1, 
1657914630.0558782, 0, 1, 
1657914630.0582733, 0, 1, 
1657914630.0606282, 1, 1, 
1657914630.0630138, 0, 1, 
1657914630.0653682, 0, 1, 
1657914630.0677438, 0, 1, 
1657914630.070101, 0, 1, 
1657914630.072447, 0, 1, 
1657914630.0803266, 0, 1, 
1657914630.0827916, 0, 1, 
1657914630.0851543, 0, 1, 
1657914630.0874813, 0, 1, 
1657914630.0898201, 0, 1, 
1657914630.092189, 0, 1, 
1657914630.0945392, 0, 1, 
1657914630.0971024, 0, 1, 
1657914630.099945, 0, 1, 
1657914630.1023135, 0, 1, 
1657914630.1131463, 0, 1, 
1657914630.1156356, 0, 1, 
1657914630.1180422, 0, 1, 
1657914630.120652, 0, 1, 
1657914630.1232762, 0, 1, 
1657914630.1257105, 0, 1, 
1657914630.131896, 0, 1, 
1657914630.1343172, 0, 1, 
1657914630.1366792, 0, 1, 
1657914630.1390355, 0, 1, 
1657914630.146314, 0, 1, 
1657914630.1490262, 0, 1, 
1657914630.1515667, 0, 1, 
1657914630.1575062, 0, 1, 
1657914630.1609766, 0, 1, 
1657914630.1632967, 0, 1, 
1657914630.165608, 0, 1, 
1657914630.1679525, 0, 1, 
1657914630.170304, 0, 1, 
1657914630.1726873, 0, 1, 
1657914630.1812515, 0, 1, 
1657914630.1843183, 0, 1, 
1657914630.1867561, 0, 1, 
1657914630.189076, 0, 1, 
1657914630.1913922, 0, 1, 
1657914630.1937046, 0, 1, 
1657914630.1960082, 0, 1, 
1657914630.1983619, 0, 1, 
1657914630.2007134, 0, 1, 
1657914630.203055, 0, 1, 
1657914630.210425, 0, 1, 
1657914630.2128797, 0, 1, 
1657914630.2152145, 0, 1, 
1657914630.2175562, 0, 1, 
1657914630.2199295, 0, 1, 
1657914630.2222805, 0, 1, 
1657914630.224633, 0, 1, 
1657914630.2269566, 0, 1, 
1657914630.2293112, 0, 1, 
1657914630.2371945, 0, 1, 
1657914630.2446702, 0, 1, 
1657914630.247317, 0, 1, 
1657914630.2499106, 0, 1, 
1657914630.2524416, 0, 1, 
1657914630.2557788, 0, 1, 
1657914630.2584584, 0, 1, 
1657914630.261172, 0, 1, 
1657914630.263711, 2, 1, 
1657914630.2662463, 0, 1, 
1657914630.2689273, 0, 1, 
1657914630.2757852, 0, 1, 
1657914630.2784536, 0, 1, 
1657914630.2817123, 0, 1, 
1657914630.2846305, 0, 1, 
1657914630.287584, 2, 1, 
1657914630.2907512, 0, 1, 
1657914630.2944815, 0, 1, 
1657914630.297676, 0, 1, 
1657914630.3008606, 0, 1, 
1657914630.304584, 0, 1, 
1657914630.3251605, 0, 1, 
1657914630.3286011, 0, 1, 
1657914630.3313525, 0, 1, 
1657914630.3338547, 0, 1, 
1657914630.3411984, 0, 1, 
1657914630.3437886, 0, 1, 
1657914630.3462162, 0, 1, 
1657914630.3485658, 0, 1, 
1657914630.3508897, 0, 1, 
1657914630.3532045, 0, 1, 
1657914630.3628588, 0, 1, 
1657914630.3652744, 0, 1, 
1657914630.3681908, 0, 1, 
1657914630.370542, 0, 1, 
1657914630.3728967, 0, 1, 
1657914630.3752337, 0, 1, 
1657914630.377577, 0, 1, 
1657914630.3799658, 0, 1, 
1657914630.3822792, 0, 1, 
1657914630.3846025, 0, 1, 
1657914630.391663, 0, 1, 
1657914630.3940926, 0, 1, 
1657914630.3964217, 0, 1, 
1657914630.3988008, 0, 1, 
1657914630.4011252, 0, 1, 
1657914630.403437, 0, 1, 
1657914630.4057536, 0, 1, 
1657914630.4081004, 0, 1, 
1657914630.410424, 0, 1, 
1657914630.4127407, 0, 1, 
1657914630.4206145, 0, 1, 
1657914630.423119, 0, 1, 
1657914630.4254832, 0, 1, 
1657914630.4278698, 0, 1, 
1657914630.430217, 0, 1, 
1657914630.4326265, 0, 1, 
1657914630.4349673, 0, 1, 
1657914630.4374454, 0, 1, 
1657914630.4409401, 0, 1, 
1657914630.4433246, 0, 1, 
1657914630.4506028, 0, 1, 
1657914630.4530604, 0, 1, 
1657914630.4554133, 0, 1, 
1657914630.4577718, 0, 1, 
1657914630.460128, 1, 1, 
1657914630.4629464, 0, 1, 
1657914630.4654267, 0, 1, 
1657914630.468017, 0, 1, 
1657914630.4742846, 0, 1, 
1657914630.477655, 0, 1, 
1657914630.4850655, 0, 1, 
1657914630.4875124, 0, 1, 
1657914630.489886, 0, 1, 
1657914630.492237, 0, 1, 
1657914630.4945676, 0, 1, 
1657914630.4969215, 0, 1, 
1657914630.499406, 0, 1, 
1657914630.5022244, 0, 1, 
1657914630.504556, 0, 1, 
1657914630.5068948, 0, 1, 
1657914630.5141008, 0, 1, 
1657914630.5165513, 0, 1, 
1657914630.5189376, 0, 1, 
1657914630.5212922, 0, 1, 
1657914630.5240233, 0, 1, 
1657914630.526499, 0, 1, 
1657914630.5288923, 0, 1, 
1657914630.5312464, 0, 1, 
1657914630.5336373, 0, 1, 
1657914630.5359921, 0, 1, 
1657914630.5455332, 0, 1, 
1657914630.5484517, 0, 1, 
1657914630.551063, 0, 1, 
1657914630.553421, 0, 1, 
1657914630.5557723, 0, 1, 
1657914630.5581322, 0, 1, 
1657914630.5604582, 0, 1, 
1657914630.562808, 0, 1, 
1657914630.5651577, 0, 1, 
1657914630.567488, 0, 1, 
1657914630.5758128, 0, 1, 
1657914630.5784924, 0, 1, 
1657914630.5812285, 0, 1, 
1657914630.5836363, 0, 1, 
1657914630.5859694, 0, 1, 
1657914630.5884218, 0, 1, 
1657914630.5911033, 0, 1, 
1657914630.5934336, 0, 1, 
1657914630.595755, 0, 1, 
1657914630.5982695, 0, 1, 
1657914630.606103, 0, 1, 
1657914630.6085653, 0, 1, 
1657914630.6109974, 0, 1, 
1657914630.613624, 0, 1, 
1657914630.616099, 0, 1, 
1657914630.6184638, 0, 1, 
1657914630.6207845, 0, 1, 
1657914630.6231027, 0, 1, 
1657914630.6254148, 0, 1, 
1657914630.627798, 0, 1, 
1657914630.6352797, 0, 1, 
1657914630.6382568, 0, 1, 
1657914630.641705, 0, 1, 
1657914630.648542, 0, 1, 
1657914630.6535614, 0, 1, 
1657914630.6561983, 0, 1, 
1657914630.6586714, 0, 1, 
1657914630.6611085, 0, 1, 
1657914630.6635227, 0, 1, 
1657914630.665961, 0, 1, 
1657914630.6732247, 0, 1, 
1657914630.6757238, 0, 1, 
1657914630.6783452, 0, 1, 
1657914630.6807635, 0, 1, 
1657914630.6831176, 0, 1, 
1657914630.6854806, 0, 1, 
1657914630.6878603, 0, 1, 
1657914630.6902058, 0, 1, 
1657914630.6925411, 0, 1, 
1657914630.6948826, 0, 1, 
1657914630.7056792, 0, 1, 
1657914630.7082882, 0, 1, 
1657914630.7106447, 0, 1, 
1657914630.7129912, 0, 1, 
1657914630.7153544, 0, 1, 
1657914630.7177324, 0, 1, 
1657914630.7200613, 0, 1, 
1657914630.722407, 0, 1, 
1657914630.7248943, 0, 1, 
1657914630.7277184, 0, 1, 
1657914630.7348819, 0, 1, 
1657914630.7373521, 0, 1, 
1657914630.739723, 0, 1, 
1657914630.7420688, 0, 1, 
1657914630.744427, 0, 1, 
1657914630.7467718, 0, 1, 
1657914630.7495918, 0, 1, 
1657914630.7529044, 0, 1, 
1657914630.7557423, 0, 1, 
1657914630.7586503, 0, 1, 
1657914630.7658412, 0, 1, 
1657914630.768333, 0, 1, 
1657914630.7706888, 0, 1, 
1657914630.7732058, 0, 1, 
1657914630.775974, 0, 1, 
1657914630.7786095, 0, 1, 
1657914630.7837133, 0, 1, 
1657914630.7869053, 0, 1, 
1657914630.7896085, 0, 1, 
1657914630.7919652, 0, 1, 
1657914630.799384, 0, 1, 
1657914630.8018515, 0, 1, 
1657914630.8042207, 0, 1, 
1657914630.8065886, 0, 1, 
1657914630.8090582, 0, 1, 
1657914630.811696, 0, 1, 
1657914630.8140814, 0, 1, 
1657914630.8164313, 0, 1, 
1657914630.818822, 0, 1, 
1657914630.8211675, 0, 1, 
1657914630.828205, 0, 1, 
1657914630.8306382, 0, 1, 
1657914630.8331497, 0, 1, 
1657914630.8361673, 0, 1, 
1657914630.8386981, 0, 1, 
1657914630.8410547, 0, 1, 
1657914630.8434105, 0, 1, 
1657914630.8457434, 0, 1, 
1657914630.8481195, 0, 1, 
1657914630.8504655, 0, 1, 
1657914630.8597107, 0, 1, 
1657914630.8621886, 0, 1, 
1657914630.8645413, 0, 1, 
1657914630.8669238, 0, 1, 
1657914630.8692741, 0, 1, 
1657914630.8716207, 0, 1, 
1657914630.8739522, 0, 1, 
1657914630.8763118, 0, 1, 
1657914630.8786685, 0, 1, 
1657914630.8810163, 0, 1, 
1657914630.8901877, 0, 1, 
1657914630.8929868, 0, 1, 
1657914630.8953798, 0, 1, 
1657914630.897756, 0, 1, 
1657914630.9001849, 0, 1, 
1657914630.9028301, 0, 1, 
1657914630.9052126, 0, 1, 
1657914630.9076297, 0, 1, 
1657914630.910063, 0, 1, 
1657914630.9127378, 0, 1, 
1657914630.9202986, 0, 1, 
1657914630.9227607, 0, 1, 
1657914630.9253948, 0, 1, 
1657914630.9279635, 0, 1, 
1657914630.9303176, 0, 1, 
1657914630.932663, 0, 1, 
1657914630.9350376, 0, 1, 
1657914630.937386, 0, 1, 
1657914630.9397163, 0, 1, 
1657914630.9420667, 0, 1, 
1657914630.9495485, 0, 1, 
1657914630.9522748, 0, 1, 
1657914630.9584222, 0, 1, 
1657914630.9630303, 0, 1, 
1657914630.9655843, 0, 1, 
1657914630.9679565, 0, 1, 
1657914630.9703035, 0, 1, 
1657914630.9726431, 0, 1, 
1657914630.974986, 0, 1, 
1657914630.97732, 0, 1, 
1657914630.9844582, 0, 1, 
1657914630.9873517, 0, 1, 
1657914630.9899213, 0, 1, 
1657914630.9922621, 0, 1, 
1657914630.9946048, 0, 1, 
1657914630.9969356, 0, 1, 
1657914630.99928, 0, 1, 
1657914631.001611, 0, 1, 
1657914631.003985, 0, 1, 
1657914631.0063412, 0, 1, 
1657914631.0156739, 0, 1, 
1657914631.0181549, 0, 1, 
1657914631.0205016, 0, 1, 
1657914631.0228462, 0, 1, 
1657914631.0251627, 0, 1, 
1657914631.0275261, 0, 1, 
1657914631.029866, 0, 1, 
1657914631.0322099, 0, 1, 
1657914631.0346754, 0, 1, 
1657914631.0375957, 0, 1, 
1657914631.0448437, 0, 1, 
1657914631.0472553, 0, 1, 
1657914631.0496142, 0, 1, 
1657914631.0520012, 0, 1, 
1657914631.054406, 2, 1, 
1657914631.0567727, 0, 1, 
1657914631.0598347, 0, 1, 
1657914631.0626485, 0, 1, 
1657914631.0650265, 0, 1, 
1657914631.0674179, 0, 1, 
1657914631.0750108, 0, 1, 
1657914631.0775182, 0, 1, 
1657914631.0798938, 0, 1, 
1657914631.0822735, 0, 1, 
1657914631.0852013, 0, 1, 
1657914631.088038, 0, 1, 
1657914631.093681, 0, 1, 
1657914631.0968673, 0, 1, 
1657914631.099646, 0, 1, 
1657914631.102039, 0, 1, 
1657914631.1093366, 0, 1, 
1657914631.111868, 0, 1, 
1657914631.1142604, 0, 1, 
1657914631.1166427, 0, 1, 
1657914631.1191647, 0, 1, 
1657914631.1217759, 0, 1, 
1657914631.124247, 0, 1, 
1657914631.1266658, 0, 1, 
1657914631.1290314, 0, 1, 
1657914631.1314473, 0, 1, 
1657914631.138696, 0, 1, 
1657914631.1411612, 0, 1, 
1657914631.143818, 0, 1, 
1657914631.1464307, 0, 1, 
1657914631.1489177, 0, 1, 
1657914631.1512637, 0, 1, 
1657914631.1535833, 0, 1, 
1657914631.1559534, 0, 1, 
1657914631.1583405, 0, 1, 
1657914631.160691, 0, 1, 
1657914631.170142, 0, 1, 
1657914631.1726694, 0, 1, 
1657914631.1750214, 0, 1, 
1657914631.1773791, 0, 1, 
1657914631.1797643, 0, 1, 
1657914631.1821096, 0, 1, 
1657914631.184438, 0, 1, 
1657914631.1868067, 0, 1, 
1657914631.1891408, 0, 1, 
1657914631.191595, 0, 1, 
1657914631.2031002, 0, 1, 
1657914631.206074, 0, 1, 
1657914631.2085094, 0, 1, 
1657914631.2108314, 0, 1, 
1657914631.2131534, 0, 1, 
1657914631.2159123, 0, 1, 
1657914631.2182715, 0, 1, 
1657914631.2207239, 0, 1, 
1657914631.223222, 0, 1, 
1657914631.225652, 0, 1, 
1657914631.2332568, 0, 1, 
1657914631.235781, 0, 1, 
1657914631.2385406, 0, 1, 
1657914631.2411585, 0, 1, 
1657914631.2435133, 0, 1, 
1657914631.2458222, 0, 1, 
1657914631.2481701, 0, 1, 
1657914631.2504787, 0, 1, 
1657914631.252807, 0, 1, 
1657914631.2551146, 0, 1, 
1657914631.2626612, 0, 1, 
1657914631.2653987, 0, 1, 
1657914631.276388, 0, 1, 
1657914631.2796624, 0, 1, 
1657914631.282238, 0, 1, 
1657914631.2846823, 0, 1, 
1657914631.2870166, 0, 1, 
1657914631.289356, 0, 1, 
1657914631.2917042, 0, 1, 
1657914631.2940457, 0, 1, 
1657914631.301512, 0, 1, 
1657914631.3039865, 0, 1, 
1657914631.3068194, 0, 1, 
1657914631.3091733, 0, 1, 
1657914631.3115227, 0, 1, 
1657914631.3138614, 0, 1, 
1657914631.31622, 0, 1, 
1657914631.3186512, 0, 1, 
1657914631.3209944, 0, 1, 
1657914631.3234067, 0, 1, 
1657914631.3369007, 0, 1, 
1657914631.3393893, 0, 1, 
1657914631.3417559, 0, 1, 
1657914631.3440871, 0, 1, 
1657914631.346434, 0, 1, 
1657914631.3488061, 0, 1, 
1657914631.3511658, 0, 1, 
1657914631.3540967, 0, 1, 
1657914631.3565228, 0, 1, 
1657914631.358907, 0, 1, 
1657914631.3684633, 0, 1, 
1657914631.3709373, 0, 1, 
1657914631.3734741, 0, 1, 
1657914631.3758304, 0, 1, 
1657914631.378735, 0, 1, 
1657914631.3810759, 0, 1, 
1657914631.3834255, 0, 1, 
1657914631.3857434, 0, 1, 
1657914631.388124, 0, 1, 
1657914631.390462, 0, 1, 
1657914631.3977313, 0, 1, 
1657914631.400384, 0, 1, 
1657914631.4031096, 0, 1, 
1657914631.4057257, 0, 1, 
1657914631.410988, 0, 1, 
1657914631.41424, 0, 1, 
1657914631.4169648, 0, 1, 
1657914631.419352, 0, 1, 
1657914631.4216962, 0, 1, 
1657914631.4240274, 0, 1, 
1657914631.4314437, 0, 1, 
1657914631.4339807, 0, 1, 
1657914631.4363399, 0, 1, 
1657914631.4393182, 0, 1, 
1657914631.441697, 0, 1, 
1657914631.4440892, 0, 1, 
1657914631.446416, 0, 1, 
1657914631.4488182, 0, 1, 
1657914631.4512026, 0, 1, 
1657914631.453547, 0, 1, 
1657914631.460679, 0, 1, 
1657914631.463795, 0, 1, 
1657914631.4662907, 0, 1, 
1657914631.4686913, 0, 1, 
1657914631.4710338, 0, 1, 
1657914631.4733822, 0, 1, 
1657914631.4757743, 0, 1, 
1657914631.4781318, 0, 1, 
1657914631.4805224, 0, 1, 
1657914631.4828527, 0, 1, 
1657914631.4899302, 0, 1, 
1657914631.4924028, 0, 1, 
1657914631.494745, 0, 1, 
1657914631.4970782, 0, 1, 
1657914631.4995632, 0, 1, 
1657914631.5019035, 0, 1, 
1657914631.5042493, 0, 1, 
1657914631.5065694, 0, 1, 
1657914631.5102372, 0, 1, 
1657914631.5130804, 0, 1, 
1657914631.5188098, 0, 1, 
1657914631.5215232, 0, 1, 
1657914631.5240107, 0, 1, 
1657914631.5263338, 0, 1, 
1657914631.5286775, 0, 1, 
1657914631.5314074, 0, 1, 
1657914631.5337338, 0, 1, 
1657914631.5360904, 0, 1, 
1657914631.538676, 0, 1, 
1657914631.5412045, 0, 1, 
1657914631.550994, 0, 1, 
1657914631.553848, 0, 1, 
1657914631.5565195, 0, 1, 
1657914631.5588906, 0, 1, 
1657914631.5612087, 0, 1, 
1657914631.5635936, 0, 1, 
1657914631.5660076, 0, 1, 
1657914631.5683928, 0, 1, 
1657914631.5707784, 0, 1, 
1657914631.573177, 0, 1, 
1657914631.581686, 0, 1, 
1657914631.5844495, 0, 1, 
1657914631.5921516, 0, 1, 
1657914631.594794, 0, 1, 
1657914631.597277, 0, 1, 
1657914631.5996604, 0, 1, 
1657914631.6020455, 0, 1, 
1657914631.604447, 0, 1, 
1657914631.6068113, 0, 1, 
1657914631.6091745, 0, 1, 
1657914631.616455, 0, 1, 
1657914631.6196456, 0, 1, 
1657914631.6220405, 0, 1, 
1657914631.624413, 0, 1, 
1657914631.6267648, 0, 1, 
1657914631.6291366, 0, 1, 
1657914631.6316328, 0, 1, 
1657914631.6340125, 0, 1, 
1657914631.6364148, 0, 1, 
1657914631.6388795, 0, 1, 
1657914631.6475825, 0, 1, 
1657914631.6500516, 0, 1, 
1657914631.6524227, 0, 1, 
1657914631.6548114, 0, 1, 
1657914631.6571293, 0, 1, 
1657914631.6595016, 0, 1, 
1657914631.6618338, 0, 1, 
1657914631.6642416, 0, 1, 
1657914631.6672027, 0, 1, 
1657914631.669648, 0, 1, 
1657914631.6766498, 0, 1, 
1657914631.6790934, 0, 1, 
1657914631.6814656, 1, 1, 
1657914631.6838436, 0, 1, 
1657914631.6861618, 0, 1, 
1657914631.6887574, 0, 1, 
1657914631.6917307, 0, 1, 
1657914631.6945496, 0, 1, 
1657914631.6970565, 0, 1, 
1657914631.6997185, 0, 1, 
1657914631.7087858, 0, 1, 
1657914631.7112157, 0, 1, 
1657914631.7136357, 0, 1, 
1657914631.7162445, 0, 1, 
1657914631.7188532, 0, 1, 
1657914631.7246208, 0, 1, 
1657914631.7279086, 1, 1, 
1657914631.7307005, 0, 1, 
1657914631.733061, 0, 1, 
1657914631.7354038, 0, 1, 
1657914631.7427468, 0, 1, 
1657914631.745203, 0, 1, 
1657914631.7475586, 0, 1, 
1657914631.7499053, 0, 1, 
1657914631.7524772, 0, 1, 
1657914631.7549284, 0, 1, 
1657914631.7572544, 0, 1, 
1657914631.75961, 0, 1, 
1657914631.7619927, 0, 1, 
1657914631.7643547, 0, 1, 
1657914631.7717357, 0, 1, 
1657914631.7745004, 0, 1, 
1657914631.7771447, 0, 1, 
1657914631.7795663, 0, 1, 
1657914631.7819192, 0, 1, 
1657914631.7842686, 0, 1, 
1657914631.786598, 0, 1, 
1657914631.7889707, 0, 1, 
1657914631.7913184, 0, 1, 
1657914631.7936633, 0, 1, 
1657914631.8010664, 0, 1, 
1657914631.8036466, 0, 1, 
1657914631.806003, 0, 1, 
1657914631.8084683, 0, 1, 
1657914631.81082, 0, 1, 
1657914631.8132157, 0, 1, 
1657914631.8155658, 0, 1, 
1657914631.8179266, 0, 1, 
1657914631.820271, 0, 1, 
1657914631.8227482, 0, 1, 
1657914631.8321106, 0, 1, 
1657914631.8348222, 0, 1, 
1657914631.8373983, 1, 1, 
1657914631.8399405, 0, 1, 
1657914631.8424711, 0, 1, 
1657914631.8453312, 0, 1, 
1657914631.8484454, 0, 1, 
1657914631.851316, 0, 1, 
1657914631.8545768, 0, 1, 
1657914631.857122, 0, 1, 
1657914631.8656156, 0, 1, 
1657914631.8681407, 0, 1, 
1657914631.870576, 0, 1, 
1657914631.873069, 0, 1, 
1657914631.8756104, 0, 1, 
1657914631.878538, 0, 1, 
1657914631.8808606, 0, 1, 
1657914631.8831854, 0, 1, 
1657914631.8854992, 0, 1, 
1657914631.8878517, 0, 1, 
1657914631.8952532, 0, 1, 
1657914631.897747, 0, 1, 
1657914631.9009244, 0, 1, 
1657914631.9035192, 0, 1, 
1657914631.9061377, 0, 1, 
1657914631.9122436, 0, 1, 
1657914631.9157226, 0, 1, 
1657914631.9181743, 0, 1, 
1657914631.9205265, 0, 1, 
1657914631.9228995, 0, 1, 
1657914631.9302554, 0, 1, 
1657914631.9327183, 0, 1, 
1657914631.935045, 0, 1, 
1657914631.9374928, 0, 1, 
1657914631.9406688, 0, 1, 
1657914631.943282, 0, 1, 
1657914631.9458332, 0, 1, 
1657914631.9484413, 0, 1, 
1657914631.9509377, 0, 1, 
1657914631.9534388, 0, 1, 
1657914631.9612472, 0, 1, 
1657914631.9643993, 0, 1, 
1657914631.966945, 0, 1, 
1657914631.9694552, 0, 1, 
1657914631.972028, 0, 1, 
1657914631.974527, 0, 1, 
1657914631.977009, 0, 1, 
1657914631.9795327, 0, 1, 
1657914631.9820561, 0, 1, 
1657914631.9845548, 0, 1, 
1657914631.9926832, 0, 1, 
1657914631.9953907, 0, 1, 
1657914631.99791, 0, 1, 
1657914632.0004277, 0, 1, 
1657914632.0029538, 0, 1, 
1657914632.0054502, 0, 1, 
1657914632.0079603, 0, 1, 
1657914632.0104673, 0, 1, 
1657914632.0135188, 0, 1, 
1657914632.0161035, 0, 1, 
1657914632.0255184, 0, 1, 
1657914632.0283008, 0, 1, 
1657914632.0308275, 0, 1, 
1657914632.0333297, 0, 1, 
1657914632.0361085, 0, 1, 
1657914632.0390618, 0, 1, 
1657914632.0416346, 0, 1, 
1657914632.0467253, 0, 1, 
1657914632.049887, 0, 1, 
1657914632.0525794, 0, 1, 
1657914632.0598755, 0, 1, 
1657914632.062351, 0, 1, 
1657914632.0646899, 0, 1, 
1657914632.067063, 0, 1, 
1657914632.0693965, 0, 1, 
1657914632.0717573, 0, 1, 
1657914632.0745442, 0, 1, 
1657914632.0770009, 0, 1, 
1657914632.0793488, 0, 1, 
1657914632.0816991, 0, 1, 
1657914632.089201, 0, 1, 
1657914632.0916786, 0, 1, 
1657914632.0940812, 0, 1, 
1657914632.0963984, 0, 1, 
1657914632.0994694, 0, 1, 
1657914632.103239, 0, 1, 
1657914632.1059248, 0, 1, 
1657914632.1083224, 0, 1, 
1657914632.1106863, 0, 1, 
1657914632.113002, 0, 1, 
1657914632.1200843, 0, 1, 
1657914632.123011, 0, 1, 
1657914632.1256557, 0, 1, 
1657914632.1280632, 0, 1, 
1657914632.1304152, 0, 1, 
1657914632.1327593, 0, 1, 
1657914632.1351051, 0, 1, 
1657914632.1374333, 0, 1, 
1657914632.1397974, 0, 1, 
1657914632.14216, 0, 1, 
1657914632.151569, 0, 1, 
1657914632.1543405, 0, 1, 
1657914632.1567738, 0, 1, 
1657914632.1591537, 1, 1, 
1657914632.161477, 0, 1, 
1657914632.1642103, 0, 1, 
1657914632.1665292, 0, 1, 
1657914632.1689522, 0, 1, 
1657914632.1714401, 0, 1, 
1657914632.1739366, 0, 1, 
1657914632.1841557, 0, 1, 
1657914632.1869624, 0, 1, 
1657914632.189666, 0, 1, 
1657914632.1920924, 0, 1, 
1657914632.194443, 0, 1, 
1657914632.1967754, 0, 1, 
1657914632.1991184, 0, 1, 
1657914632.201467, 0, 1, 
1657914632.2038357, 0, 1, 
1657914632.2061691, 0, 1, 
1657914632.2162743, 0, 1, 
1657914632.22242, 0, 1, 
1657914632.2256744, 0, 1, 
1657914632.2283294, 0, 1, 
1657914632.230765, 0, 1, 
1657914632.233115, 0, 1, 
1657914632.2354686, 0, 1, 
1657914632.2378275, 0, 1, 
1657914632.24016, 0, 1, 
1657914632.2425053, 0, 1, 
1657914632.2502244, 0, 1, 
1657914632.2531981, 0, 1, 
1657914632.2555306, 0, 1, 
1657914632.2579243, 0, 1, 
1657914632.260274, 0, 1, 
1657914632.2626207, 0, 1, 
1657914632.2649539, 0, 1, 
1657914632.267315, 0, 1, 
1657914632.2696414, 0, 1, 
1657914632.2719793, 0, 1, 
1657914632.2796378, 0, 1, 
1657914632.2821062, 0, 1, 
1657914632.2844357, 0, 1, 
1657914632.2867725, 0, 1, 
1657914632.2891726, 0, 1, 
1657914632.2916024, 0, 1, 
1657914632.293927, 0, 1, 
1657914632.2962594, 0, 1, 
1657914632.2987716, 0, 1, 
1657914632.3016148, 0, 1, 
1657914632.3088934, 0, 1, 
1657914632.3113663, 0, 1, 
1657914632.313739, 0, 1, 
1657914632.3161514, 0, 1, 
1657914632.3185174, 0, 1, 
1657914632.3208628, 0, 1, 
1657914632.3236718, 0, 1, 
1657914632.3262944, 0, 1, 
1657914632.3286667, 0, 1, 
1657914632.331037, 0, 1, 
1657914632.338146, 0, 1, 
1657914632.340637, 0, 1, 
1657914632.3429759, 0, 1, 
1657914632.345321, 0, 1, 
1657914632.3481157, 0, 1, 
1657914632.350668, 0, 1, 
1657914632.3530533, 0, 1, 
1657914632.359116, 0, 1, 
1657914632.3624713, 0, 1, 
1657914632.3648038, 0, 1, 
1657914632.3787937, 0, 1, 
1657914632.3812706, 0, 1, 
1657914632.3836281, 0, 1, 
1657914632.3864565, 0, 1, 
1657914632.388871, 0, 1, 
1657914632.3912818, 0, 1, 
1657914632.3936243, 0, 1, 
1657914632.3960006, 0, 1, 
1657914632.3984175, 0, 1, 
1657914632.4007618, 0, 1, 
1657914632.4087074, 0, 1, 
1657914632.4114804, 0, 1, 
1657914632.4138389, 0, 1, 
1657914632.4164875, 0, 1, 
1657914632.4189074, 0, 1, 
1657914632.4212565, 0, 1, 
1657914632.4236429, 0, 1, 
1657914632.425981, 0, 1, 
1657914632.4283545, 0, 1, 
1657914632.4306982, 0, 1, 
1657914632.438953, 0, 1, 
1657914632.4414535, 0, 1, 
1657914632.443844, 0, 1, 
1657914632.4461832, 0, 1, 
1657914632.4485643, 0, 1, 
1657914632.4509776, 0, 1, 
1657914632.4533243, 0, 1, 
1657914632.455675, 0, 1, 
1657914632.4584827, 0, 1, 
1657914632.4608252, 0, 1, 
1657914632.4667966, 0, 1, 
1657914632.4694061, 0, 1, 
1657914632.4719484, 0, 1, 
1657914632.4746056, 0, 1, 
1657914632.4771225, 0, 1, 
1657914632.479655, 0, 1, 
1657914632.4820845, 0, 1, 
1657914632.4844818, 0, 1, 
1657914632.4872105, 0, 1, 
1657914632.489673, 0, 1, 
1657914632.4970038, 0, 1, 
1657914632.499954, 0, 1, 
1657914632.5022829, 0, 1, 
1657914632.504588, 0, 1, 
1657914632.5069396, 0, 1, 
1657914632.5092468, 0, 1, 
1657914632.5115674, 0, 1, 
1657914632.5138667, 0, 1, 
1657914632.5163484, 0, 1, 
1657914632.5187044, 0, 1, 
1657914632.5318809, 0, 1, 
1657914632.5354388, 0, 1, 
1657914632.5384302, 0, 1, 
1657914632.5408037, 0, 1, 
1657914632.5431595, 0, 1, 
1657914632.5454807, 0, 1, 
1657914632.547853, 0, 1, 
1657914632.550206, 0, 1, 
1657914632.5525832, 0, 0, 
1657914632.5549366, 0, 1, 
1657914632.562348, 0, 1, 
1657914632.5648344, 0, 1, 
1657914632.567192, 1, 1, 
1657914632.5696018, 0, 1, 
1657914632.5719655, 0, 1, 
1657914632.5747187, 0, 1, 
1657914632.5771708, 0, 1, 
1657914632.5795658, 0, 1, 
1657914632.5819473, 0, 1, 
1657914632.5844858, 0, 1, 
1657914632.5922527, 0, 1, 
1657914632.5947607, 0, 1, 
1657914632.597123, 0, 1, 
1657914632.5995028, 0, 1, 
1657914632.6018724, 0, 1, 
1657914632.6042695, 0, 1, 
1657914632.606671, 0, 1, 
1657914632.6094844, 0, 1, 
1657914632.6121402, 0, 1, 
1657914632.6145124, 0, 0, 
1657914632.6243582, 0, 1, 
1657914632.6268473, 0, 1, 
1657914632.6292074, 0, 1, 
1657914632.631578, 0, 1, 
1657914632.6342156, 11, 1, 
1657914632.6368008, 0, 1, 
1657914632.6391864, 0, 1, 
1657914632.6416225, 0, 1, 
1657914632.6439984, 0, 1, 
1657914632.6463456, 0, 1, 
1657914632.6534698, 0, 0, 
1657914632.655923, 0, 1, 
1657914632.6588907, 0, 1, 
1657914632.6614985, 0, 1, 
1657914632.667564, 0, 1, 
1657914632.670839, 0, 1, 
1657914632.6735044, 0, 1, 
1657914632.6758535, 0, 1, 
1657914632.678232, 0, 1, 
1657914632.6805646, 0, 1, 
1657914632.6898837, 0, 1, 
1657914632.6923625, 0, 1, 
1657914632.6951592, 0, 1, 
1657914632.6976612, 0, 1, 
1657914632.7000477, 0, 1, 
1657914632.7023964, 0, 1, 
1657914632.7047527, 0, 1, 
1657914632.7070696, 0, 1, 
1657914632.709417, 0, 1, 
1657914632.7117598, 0, 1, 
1657914632.7192845, 0, 1, 
1657914632.7222602, 0, 1, 
1657914632.7249827, 0, 1, 
1657914632.7274551, 0, 1, 
1657914632.7297797, 0, 1, 
1657914632.7321332, 0, 1, 
1657914632.7344434, 0, 1, 
1657914632.7367504, 0, 1, 
1657914632.7390864, 0, 1, 
1657914632.7414174, 0, 1, 
1657914632.7494109, 0, 1, 
1657914632.7519045, 0, 1, 
1657914632.7543125, 0, 1, 
1657914632.7566485, 0, 1, 
1657914632.7589967, 0, 1, 
1657914632.7613876, 0, 1, 
1657914632.763748, 0, 1, 
1657914632.7661505, 0, 1, 
1657914632.768971, 0, 1, 
1657914632.7712939, 0, 1, 
1657914632.7772777, 0, 1, 
1657914632.7798712, 0, 1, 
1657914632.7824109, 0, 1, 
1657914632.7849698, 0, 1, 
1657914632.7875454, 0, 1, 
1657914632.7899308, 0, 1, 
1657914632.7922475, 0, 1, 
1657914632.7945669, 0, 1, 
1657914632.7972019, 0, 1, 
1657914632.7997453, 0, 1, 
1657914632.8072176, 0, 1, 
1657914632.810544, 0, 1, 
1657914632.8128924, 0, 1, 
1657914632.815212, 0, 1, 
1657914632.8175328, 0, 1, 
1657914632.8199546, 0, 1, 
1657914632.8223379, 0, 1, 
1657914632.8246818, 0, 1, 
1657914632.8270283, 0, 1, 
1657914632.829668, 0, 1, 
1657914632.8427746, 0, 1, 
1657914632.8460462, 0, 1, 
1657914632.8491664, 0, 1, 
1657914632.8515558, 0, 1, 
1657914632.8539083, 0, 1, 
1657914632.8562503, 0, 1, 
1657914632.858631, 0, 1, 
1657914632.8610227, 0, 1, 
1657914632.8633678, 0, 1, 
1657914632.8657296, 0, 1, 
1657914632.8730214, 0, 1, 
1657914632.8755054, 0, 1, 
1657914632.8778942, 0, 1, 
1657914632.8802392, 0, 1, 
1657914632.8825889, 0, 1, 
1657914632.8849761, 0, 1, 
1657914632.8873093, 0, 1, 
1657914632.889646, 0, 1, 
1657914632.8920007, 0, 1, 
1657914632.894344, 0, 1, 
1657914632.9022424, 0, 1, 
1657914632.9047053, 0, 1, 
1657914632.9070654, 0, 1, 
1657914632.9094605, 0, 1, 
1657914632.9118085, 0, 1, 
1657914632.914179, 0, 1, 
1657914632.9165096, 0, 1, 
1657914632.9191167, 0, 1, 
1657914632.9219708, 0, 1, 
1657914632.9243124, 0, 1, 
1657914632.9317832, 0, 1, 
1657914632.9342585, 0, 1, 
1657914632.936661, 0, 1, 
1657914632.938974, 0, 1, 
1657914632.9413025, 0, 1, 
1657914632.944154, 0, 1, 
1657914632.9465823, 0, 1, 
1657914632.9489963, 0, 1, 
1657914632.9513874, 0, 1, 
1657914632.953734, 0, 1, 
1657914632.9608881, 0, 1, 
1657914632.9633634, 0, 1, 
1657914632.9657342, 0, 1, 
1657914632.9684434, 0, 1, 
1657914632.9710934, 0, 1, 
1657914632.9736023, 0, 1, 
1657914632.9807343, 0, 1, 
1657914632.9832926, 0, 1, 
1657914632.985625, 0, 1, 
1657914632.9880433, 0, 1, 
1657914632.9951892, 0, 1, 
1657914632.9976466, 0, 1, 
1657914632.9999986, 0, 2, 
1657914633.0023444, 0, 1, 
1657914633.0051181, 0, 1, 
1657914633.0082498, 0, 1, 
1657914633.0106115, 0, 1, 
1657914633.0129583, 0, 1, 
1657914633.0152893, 0, 1, 
1657914633.0177686, 0, 1, 
1657914633.0275848, 0, 1, 
1657914633.030668, 0, 1, 
1657914633.0331354, 0, 1, 
1657914633.035504, 0, 1, 
1657914633.0379663, 0, 1, 
1657914633.0406826, 0, 1, 
1657914633.0430794, 0, 1, 
1657914633.0456161, 0, 1, 
1657914633.0480719, 0, 1, 
1657914633.0525172, 0, 1, 
1657914633.0607765, 0, 1, 
1657914633.0632575, 0, 1, 
1657914633.0656168, 0, 1, 
1657914633.0681381, 0, 1, 
1657914633.070494, 0, 1, 
1657914633.0728867, 0, 1, 
1657914633.0752432, 0, 1, 
1657914633.077764, 0, 1, 
1657914633.080555, 0, 1, 
1657914633.0833619, 0, 1, 
1657914633.0903485, 0, 1, 
1657914633.0929537, 0, 1, 
1657914633.0953405, 0, 1, 
1657914633.098176, 0, 1, 
1657914633.100536, 0, 1, 
1657914633.1029167, 0, 1, 
1657914633.1052377, 0, 1, 
1657914633.1080554, 0, 1, 
1657914633.1106722, 0, 1, 
1657914633.1130967, 0, 1, 
1657914633.1204555, 0, 1, 
1657914633.1230192, 0, 1, 
1657914633.1253562, 0, 1, 
1657914633.1277456, 0, 1, 
1657914633.1300771, 0, 1, 
1657914633.1334789, 0, 1, 
1657914633.136167, 0, 1, 
1657914633.1385698, 0, 1, 
1657914633.140942, 0, 1, 
1657914633.1435106, 0, 1, 
1657914633.1538606, 0, 1, 
1657914633.156992, 0, 1, 
1657914633.159351, 0, 1, 
1657914633.1614816, 0, 1, 
1657914633.1636157, 0, 1, 
1657914633.1657133, 0, 1, 
1657914633.1678388, 0, 1, 
1657914633.1699667, 0, 1, 
1657914633.1721041, 0, 1, 
1657914633.17423, 0, 1, 
1657914633.1811616, 0, 1, 
1657914633.1838412, 0, 1, 
1657914633.1859584, 0, 1, 
1657914633.188143, 0, 1, 
1657914633.1902719, 0, 1, 
1657914633.1923995, 0, 1, 
1657914633.1945295, 0, 1, 
1657914633.196634, 0, 1, 
1657914633.1987646, 0, 1, 
1657914633.20089, 0, 1, 
1657914633.2080262, 0, 1, 
1657914633.2102556, 0, 1, 
1657914633.2123907, 0, 1, 
1657914633.214514, 0, 1, 
1657914633.2166543, 0, 1, 
1657914633.2188087, 0, 1, 
1657914633.220941, 0, 1, 
1657914633.2230692, 0, 1, 
1657914633.2251883, 0, 1, 
1657914633.227335, 0, 1, 
1657914633.2350357, 0, 1, 
1657914633.2372656, 0, 1, 
1657914633.239606, 0, 1, 
1657914633.2418232, 0, 1, 
1657914633.2439716, 0, 1, 
1657914633.2461107, 0, 1, 
1657914633.2483125, 0, 1, 
1657914633.2504442, 0, 1, 
1657914633.2527127, 0, 1, 
1657914633.255226, 0, 1, 
1657914633.2619648, 0, 1, 
1657914633.2642121, 0, 1, 
1657914633.2663412, 0, 1, 
1657914633.2685137, 0, 1, 
1657914633.270643, 0, 1, 
1657914633.2727616, 0, 1, 
1657914633.2748983, 0, 1, 
1657914633.2773986, 0, 1, 
1657914633.279533, 0, 1, 
1657914633.2818809, 0, 1, 
1657914633.2923527, 0, 1, 
1657914633.2945802, 0, 1, 
1657914633.296716, 0, 1, 
1657914633.2988446, 0, 1, 
1657914633.3009703, 0, 1, 
1657914633.3030877, 0, 1, 
1657914633.30522, 0, 1, 
1657914633.3073692, 0, 1, 
1657914633.3094966, 0, 1, 
1657914633.3116245, 0, 1, 
1657914633.32096, 0, 1, 
1657914633.3232331, 0, 1, 
1657914633.3253734, 0, 1, 
1657914633.327483, 0, 1, 
1657914633.3296132, 0, 1, 
1657914633.331788, 0, 1, 
1657914633.3339174, 0, 1, 
1657914633.3360455, 0, 1, 
1657914633.3384004, 0, 1, 
1657914633.340584, 0, 1, 
1657914633.347314, 0, 1, 
1657914633.3495734, 0, 1, 
1657914633.3517144, 0, 1, 
1657914633.3538437, 0, 1, 
1657914633.3559647, 0, 1, 
1657914633.3581204, 0, 1, 
1657914633.3602507, 0, 1, 
1657914633.3626184, 0, 1, 
1657914633.3647795, 0, 1, 
1657914633.3669133, 0, 1, 
1657914633.3734846, 0, 1, 
1657914633.3756714, 0, 1, 
1657914633.377808, 0, 1, 
1657914633.3799481, 0, 1, 
1657914633.3820813, 0, 1, 
1657914633.3842082, 0, 1, 
1657914633.3866587, 0, 1, 
1657914633.3888123, 0, 1, 
1657914633.3912134, 0, 1, 
1657914633.3938465, 0, 1, 
1657914633.4030724, 0, 1, 
1657914633.4054687, 0, 1, 
1657914633.4076667, 0, 1, 
1657914633.4097743, 0, 1, 
1657914633.411897, 0, 1, 
1657914633.4142835, 0, 1, 
1657914633.4165523, 0, 1, 
1657914633.4187517, 0, 1, 
1657914633.420864, 0, 1, 
1657914633.4229662, 0, 1, 
1657914633.432716, 0, 1, 
1657914633.4349225, 0, 1, 
1657914633.437027, 0, 1, 
1657914633.4391477, 0, 1, 
1657914633.4412777, 0, 1, 
1657914633.4434175, 0, 1, 
1657914633.445565, 0, 1, 
1657914633.4478238, 0, 1, 
1657914633.4501204, 0, 1, 
1657914633.4524665, 0, 1, 
1657914633.4603167, 0, 1, 
1657914633.4634504, 0, 1, 
1657914633.465771, 0, 1, 
1657914633.4679723, 0, 1, 
1657914633.4701016, 0, 1, 
1657914633.4722307, 0, 1, 
1657914633.4743536, 0, 1, 
1657914633.4764674, 0, 1, 
1657914633.478619, 0, 1, 
1657914633.4807477, 0, 1, 
1657914633.4876277, 0, 1, 
1657914633.489908, 0, 1, 
1657914633.4920576, 0, 1, 
1657914633.4941843, 0, 1, 
1657914633.4963245, 0, 1, 
1657914633.4985025, 0, 1, 
1657914633.500643, 0, 1, 
1657914633.5027728, 0, 1, 
1657914633.504896, 0, 1, 
1657914633.507026, 0, 1, 
1657914633.5138612, 0, 1, 
1657914633.5161037, 0, 1, 
1657914633.518257, 0, 1, 
1657914633.52037, 0, 1, 
1657914633.522497, 0, 1, 
1657914633.5246196, 0, 1, 
1657914633.5267465, 0, 1, 
1657914633.5288908, 0, 1, 
1657914633.5310287, 0, 1, 
1657914633.5332477, 0, 1, 
1657914633.5414393, 0, 1, 
1657914633.5437024, 0, 1, 
1657914633.545914, 0, 1, 
1657914633.5481045, 0, 1, 
1657914633.5502374, 0, 1, 
1657914633.5523791, 0, 1, 
1657914633.5545208, 0, 1, 
1657914633.5566363, 0, 1, 
1657914633.558976, 0, 1, 
1657914633.5611644, 0, 1, 
1657914633.5679214, 0, 1, 
1657914633.5701895, 0, 1, 
1657914633.572358, 0, 1, 
1657914633.5745137, 0, 1, 
1657914633.5766845, 0, 1, 
1657914633.5787933, 0, 1, 
1657914633.580942, 0, 1, 
1657914633.5832822, 0, 1, 
1657914633.585592, 0, 1, 
1657914633.5879738, 0, 1, 
1657914633.605383, 0, 1, 
1657914633.6076365, 0, 1, 
1657914633.6097813, 0, 1, 
1657914633.6119206, 0, 1, 
1657914633.6140716, 1, 1, 
1657914633.6162171, 0, 1, 
1657914633.618493, 0, 1, 
1657914633.6210248, 0, 1, 
1657914633.6231854, 0, 1, 
1657914633.6253269, 0, 1, 
1657914633.6328561, 0, 1, 
1657914633.6351109, 0, 1, 
1657914633.63727, 0, 1, 
1657914633.639432, 0, 1, 
1657914633.6415854, 0, 1, 
1657914633.6467743, 0, 1, 
1657914633.6490586, 0, 1, 
1657914633.651307, 0, 1, 
1657914633.6535199, 0, 1, 
1657914633.6557622, 0, 1, 
1657914633.6625383, 0, 1, 
1657914633.6647375, 0, 1, 
1657914633.6671531, 0, 1, 
1657914633.669353, 0, 1, 
1657914633.6714852, 0, 1, 
1657914633.6736147, 0, 1, 
1657914633.6757693, 0, 1, 
1657914633.6779802, 0, 1, 
1657914633.6801136, 0, 1, 
1657914633.6822119, 0, 1, 
1657914633.6892157, 0, 1, 
1657914633.6919014, 0, 1, 
1657914633.694474, 0, 1, 
1657914633.6968286, 0, 1, 
1657914633.6989567, 0, 1, 
1657914633.701068, 0, 1, 
1657914633.7031744, 0, 1, 
1657914633.7055438, 0, 1, 
1657914633.7078884, 0, 1, 
1657914633.7101686, 0, 1, 
1657914633.7173502, 0, 1, 
1657914633.7195551, 0, 1, 
1657914633.721854, 0, 1, 
1657914633.7240658, 0, 1, 
1657914633.726194, 0, 1, 
1657914633.7285037, 0, 1, 
1657914633.730669, 0, 1, 
1657914633.7327704, 0, 1, 
1657914633.7348666, 0, 1, 
1657914633.7369647, 0, 1, 
1657914633.746948, 0, 1, 
1657914633.749537, 0, 1, 
1657914633.7522354, 0, 1, 
1657914633.7549794, 0, 1, 
1657914633.7573, 0, 1, 
1657914633.7630534, 0, 1, 
1657914633.7660325, 0, 1, 
1657914633.7684221, 0, 1, 
1657914633.770551, 0, 1, 
1657914633.7726862, 0, 1, 
1657914633.7793999, 0, 1, 
1657914633.7815912, 0, 1, 
1657914633.7837012, 0, 1, 
1657914633.7858055, 0, 1, 
1657914633.7879503, 0, 1, 
1657914633.7903247, 0, 1, 
1657914633.792509, 0, 1, 
1657914633.7946055, 0, 1, 
1657914633.7966945, 0, 1, 
1657914633.7987974, 0, 1, 
1657914633.8055775, 0, 1, 
1657914633.8078077, 0, 1, 
1657914633.809962, 0, 1, 
1657914633.812179, 0, 1, 
1657914633.8145404, 0, 1, 
1657914633.8167353, 0, 1, 
1657914633.8188767, 0, 1, 
1657914633.8210082, 0, 1, 
1657914633.8231282, 0, 1, 
1657914633.8252523, 0, 1, 
1657914633.8322616, 0, 1, 
1657914633.834445, 0, 1, 
1657914633.836728, 0, 1, 
1657914633.839233, 0, 1, 
1657914633.841361, 0, 1, 
1657914633.8435254, 0, 1, 
1657914633.845645, 0, 1, 
1657914633.8478897, 0, 1, 
1657914633.85021, 0, 1, 
1657914633.852662, 0, 1, 
1657914633.860181, 0, 1, 
1657914633.8634984, 0, 1, 
1657914633.8659792, 0, 1, 
1657914633.8685024, 0, 1, 
1657914633.8709824, 0, 1, 
1657914633.873481, 0, 1, 
1657914633.8760347, 0, 1, 
1657914633.8785539, 0, 1, 
1657914633.8810153, 0, 1, 
1657914633.8834984, 0, 1, 
1657914633.8915, 0, 1, 
1657914633.8986108, 0, 1, 
1657914633.901456, 0, 1, 
1657914633.90393, 0, 1, 
1657914633.9063864, 0, 1, 
1657914633.909014, 0, 1, 
1657914633.9115105, 0, 1, 
1657914633.9139912, 0, 1, 
1657914633.9164982, 0, 1, 
1657914633.918977, 0, 1, 
1657914633.9288476, 0, 1, 
1657914633.9315088, 0, 1, 
1657914633.9340243, 0, 1, 
1657914633.9364977, 0, 1, 
1657914633.93905, 0, 1, 
1657914633.9416077, 0, 1, 
1657914633.9441075, 0, 1, 
1657914633.9471128, 0, 1, 
1657914633.949906, 0, 1, 
1657914633.9522307, 0, 1, 
1657914633.9596858, 0, 1, 
1657914633.9621692, 0, 1, 
1657914633.9645271, 0, 1, 
1657914633.9668431, 0, 1, 
1657914633.9692812, 0, 1, 
1657914633.9719512, 0, 1, 
1657914633.9743426, 0, 1, 
1657914633.9766552, 0, 1, 
1657914633.9789736, 0, 1, 
1657914633.9812753, 0, 1, 
1657914633.9895542, 0, 1, 
1657914633.9920437, 0, 1, 
1657914633.9945464, 0, 1, 
1657914633.9972951, 0, 1, 
1657914633.999928, 0, 1, 
1657914634.0027134, 0, 1, 
1657914634.00511, 0, 1, 
1657914634.0074952, 0, 1, 
1657914634.009911, 0, 1, 
1657914634.0125842, 0, 1, 
1657914634.0198355, 0, 1, 
1657914634.0224793, 0, 1, 
1657914634.0252857, 0, 1, 
1657914634.0277612, 0, 1, 
1657914634.030086, 0, 1, 
1657914634.032402, 0, 1, 
1657914634.035241, 0, 1, 
1657914634.0376716, 0, 1, 
1657914634.0400681, 0, 1, 
1657914634.0423815, 0, 1, 
1657914634.0514243, 0, 1, 
1657914634.053956, 0, 1, 
1657914634.0563083, 0, 1, 
1657914634.0592346, 0, 1, 
1657914634.0616844, 0, 1, 
1657914634.0641441, 0, 1, 
1657914634.0701158, 0, 1, 
1657914634.0735943, 0, 1, 
1657914634.0759847, 0, 1, 
1657914634.0783541, 0, 1, 
1657914634.0855937, 0, 1, 
1657914634.0880344, 0, 1, 
1657914634.0903556, 0, 1, 
1657914634.0926645, 0, 1, 
1657914634.0951147, 0, 1, 
1657914634.097799, 0, 1, 
1657914634.1001961, 0, 1, 
1657914634.102515, 0, 1, 
1657914634.1048522, 0, 1, 
1657914634.107225, 0, 1, 
1657914634.1145816, 0, 1, 
1657914634.116987, 0, 1, 
1657914634.1193314, 0, 1, 
1657914634.122276, 0, 1, 
1657914634.124699, 0, 1, 
1657914634.127006, 0, 1, 
1657914634.12934, 0, 1, 
1657914634.1317012, 0, 1, 
1657914634.134031, 0, 1, 
1657914634.1363318, 0, 1, 
1657914634.1434684, 0, 1, 
1657914634.146484, 0, 1, 
1657914634.1489003, 0, 1, 
1657914634.1512454, 0, 1, 
1657914634.153546, 0, 1, 
1657914634.15588, 1, 1, 
1657914634.1602643, 0, 1, 
1657914634.1635292, 0, 1, 
1657914634.1658702, 0, 1, 
1657914634.1682394, 0, 1, 
1657914634.1754956, 0, 1, 
1657914634.1779165, 0, 1, 
1657914634.1802504, 0, 1, 
1657914634.1825686, 0, 1, 
1657914634.1848893, 0, 1, 
1657914634.1872463, 0, 1, 
1657914634.1895604, 0, 1, 
1657914634.1918976, 0, 1, 
1657914634.1942024, 0, 1, 
1657914634.1965153, 0, 1, 
1657914634.207406, 0, 1, 
1657914634.2106452, 0, 1, 
1657914634.2132952, 0, 1, 
1657914634.2156026, 0, 1, 
1657914634.2179513, 0, 1, 
1657914634.2202637, 0, 1, 
1657914634.2225888, 0, 1, 
1657914634.2248976, 0, 1, 
1657914634.2272036, 0, 1, 
1657914634.2295358, 0, 1, 
1657914634.2390559, 0, 1, 
1657914634.241496, 0, 1, 
1657914634.2438152, 0, 1, 
1657914634.2461207, 0, 1, 
1657914634.248453, 0, 1, 
1657914634.2507622, 0, 1, 
1657914634.2530692, 0, 1, 
1657914634.2554212, 0, 1, 
1657914634.2578614, 0, 1, 
1657914634.2606359, 0, 1, 
1657914634.2688072, 0, 1, 
1657914634.2713025, 0, 1, 
1657914634.273599, 0, 1, 
1657914634.2759383, 0, 1, 
1657914634.278247, 0, 1, 
1657914634.2805495, 0, 1, 
1657914634.282874, 0, 1, 
1657914634.2857015, 0, 1, 
1657914634.288082, 0, 1, 
1657914634.2903874, 0, 1, 
1657914634.2974908, 0, 1, 
1657914634.2999754, 0, 1, 
1657914634.3023152, 0, 1, 
1657914634.304688, 0, 1, 
1657914634.3070214, 0, 1, 
1657914634.3097517, 0, 1, 
1657914634.312077, 0, 1, 
1657914634.3146925, 0, 1, 
1657914634.3171034, 0, 1, 
1657914634.3194456, 0, 1, 
1657914634.3252566, 0, 1, 
1657914634.3278544, 0, 1, 
1657914634.3302429, 0, 1, 
1657914634.3325415, 0, 1, 
1657914634.334851, 0, 1, 
1657914634.3374724, 0, 1, 
1657914634.3399234, 0, 1, 
1657914634.3422718, 0, 1, 
1657914634.344602, 0, 1, 
1657914634.3469102, 0, 1, 
1657914634.3544257, 0, 1, 
1657914634.3568916, 0, 1, 
1657914634.3591993, 0, 1, 
1657914634.3615077, 0, 1, 
1657914634.363847, 0, 1, 
1657914634.3661516, 0, 1, 
1657914634.368732, 0, 1, 
1657914634.3711262, 0, 1, 
1657914634.3747659, 0, 1, 
1657914634.3771975, 0, 1, 
1657914634.387283, 0, 1, 
1657914634.389969, 0, 1, 
1657914634.3922791, 0, 1, 
1657914634.3945992, 0, 1, 
1657914634.396932, 0, 1, 
1657914634.399224, 0, 1, 
1657914634.4015462, 0, 1, 
1657914634.4039094, 0, 1, 
1657914634.4062142, 0, 1, 
1657914634.4085455, 0, 1, 
1657914634.4159415, 0, 1, 
1657914634.4183626, 0, 1, 
1657914634.420697, 0, 1, 
1657914634.4230027, 0, 1, 
1657914634.4253218, 0, 1, 
1657914634.427652, 0, 1, 
1657914634.429952, 0, 1, 
1657914634.4322524, 0, 1, 
1657914634.4345593, 0, 1, 
1657914634.437457, 0, 1, 
1657914634.4514058, 0, 1, 
1657914634.4539022, 0, 1, 
1657914634.456217, 0, 1, 
1657914634.4585452, 0, 1, 
1657914634.4614391, 0, 1, 
1657914634.4638255, 0, 1, 
1657914634.466129, 0, 1, 
1657914634.4684741, 0, 1, 
1657914634.4708085, 0, 1, 
1657914634.4731286, 0, 1, 
1657914634.480734, 0, 1, 
1657914634.4831524, 0, 1, 
1657914634.4860463, 0, 1, 
1657914634.4883883, 0, 1, 
1657914634.4906936, 0, 1, 
1657914634.4930015, 0, 1, 
1657914634.4953065, 0, 1, 
1657914634.4976282, 0, 1, 
1657914634.4999523, 0, 1, 
1657914634.5023112, 0, 1, 
1657914634.509823, 0, 1, 
1657914634.5125442, 0, 1, 
1657914634.5181043, 0, 1, 
1657914634.5213194, 0, 1, 
1657914634.5240629, 0, 1, 
1657914634.5264087, 0, 1, 
1657914634.5287807, 0, 1, 
1657914634.5310917, 0, 1, 
1657914634.533405, 0, 1, 
1657914634.5357237, 0, 1, 
1657914634.545361, 0, 1, 
1657914634.5481656, 0, 1, 
1657914634.5504875, 0, 1, 
1657914634.5528085, 0, 1, 
1657914634.5553179, 0, 1, 
1657914634.5578115, 0, 1, 
1657914634.5602791, 0, 1, 
1657914634.562761, 0, 1, 
1657914634.5652015, 0, 1, 
1657914634.5676825, 0, 1, 
1657914634.5770204, 0, 1, 
1657914634.5798886, 0, 1, 
1657914634.5824096, 0, 1, 
1657914634.5850012, 0, 1, 
1657914634.587556, 0, 1, 
1657914634.5900912, 0, 1, 
1657914634.5925517, 0, 1, 
1657914634.5956452, 0, 1, 
1657914634.5982285, 0, 1, 
1657914634.6006851, 0, 1, 
1657914634.6082225, 0, 1, 
1657914634.6108215, 0, 1, 
1657914634.613317, 0, 1, 
1657914634.6157815, 0, 1, 
1657914634.6188488, 0, 1, 
1657914634.6213448, 0, 1, 
1657914634.624255, 0, 1, 
1657914634.6274593, 0, 1, 
1657914634.6299107, 0, 1, 
1657914634.6323733, 0, 1, 
1657914634.6399596, 0, 1, 
1657914634.6426783, 0, 1, 
1657914634.6453054, 0, 1, 
1657914634.6480255, 0, 1, 
1657914634.6507332, 0, 1, 
1657914634.6532724, 0, 1, 
1657914634.6553767, 0, 1, 
1657914634.6574771, 0, 1, 
1657914634.659807, 0, 1, 
1657914634.6622012, 0, 1, 
1657914634.6689556, 0, 1, 
1657914634.6711898, 0, 1, 
1657914634.6733074, 0, 1, 
1657914634.675449, 0, 1, 
1657914634.6775782, 0, 1, 
1657914634.6796913, 0, 1, 
1657914634.6817956, 0, 1, 
1657914634.6841402, 0, 1, 
1657914634.686324, 0, 1, 
1657914634.6886537, 0, 1, 
1657914634.7025094, 0, 1, 
1657914634.7047296, 0, 1, 
1657914634.7068818, 0, 1, 
1657914634.7089818, 0, 1, 
1657914634.7111003, 0, 1, 
1657914634.713207, 0, 1, 
1657914634.7153244, 0, 1, 
1657914634.7174325, 0, 1, 
1657914634.7196097, 0, 1, 
1657914634.7219503, 0, 1, 
1657914634.7290578, 0, 1, 
1657914634.731322, 0, 1, 
1657914634.7334666, 0, 1, 
1657914634.7355664, 0, 1, 
1657914634.7376492, 0, 1, 
1657914634.7397914, 0, 1, 
1657914634.7419114, 0, 1, 
1657914634.74402, 0, 1, 
1657914634.7464168, 0, 1, 
1657914634.7485702, 0, 1, 
1657914634.7553504, 0, 1, 
1657914634.757574, 0, 1, 
1657914634.759687, 0, 1, 
1657914634.7618, 0, 1, 
1657914634.7639127, 0, 1, 
1657914634.7660568, 0, 1, 
1657914634.768358, 0, 1, 
1657914634.7708013, 0, 1, 
1657914634.7729237, 0, 1, 
1657914634.775034, 0, 1, 
1657914634.7816944, 0, 1, 
1657914634.7839434, 0, 1, 
1657914634.7860584, 0, 1, 
1657914634.7882006, 0, 1, 
1657914634.7903001, 0, 1, 
1657914634.7928984, 0, 1, 
1657914634.7951107, 0, 1, 
1657914634.7972248, 0, 1, 
1657914634.7993705, 0, 1, 
1657914634.801732, 0, 1, 
1657914634.808478, 0, 1, 
1657914634.8107169, 0, 1, 
1657914634.8128357, 0, 1, 
1657914634.8149455, 0, 1, 
1657914634.8172, 0, 1, 
1657914634.8194659, 0, 1, 
1657914634.8216834, 0, 1, 
1657914634.8274605, 0, 1, 
1657914634.8303509, 0, 1, 
1657914634.8325536, 0, 1, 
1657914634.839542, 0, 1, 
1657914634.841803, 0, 1, 
1657914634.8439252, 0, 1, 
1657914634.8460355, 0, 1, 
1657914634.84816, 0, 1, 
1657914634.8502553, 0, 1, 
1657914634.8526974, 0, 1, 
1657914634.854937, 0, 1, 
1657914634.8570342, 0, 1, 
1657914634.8591847, 0, 1, 
1657914634.867981, 0, 1, 
1657914634.8702197, 0, 1, 
1657914634.8723226, 0, 1, 
1657914634.8746026, 0, 1, 
1657914634.8769395, 0, 1, 
1657914634.8790836, 0, 1, 
1657914634.8812163, 0, 1, 
1657914634.8833528, 0, 1, 
1657914634.8854601, 0, 1, 
1657914634.8875556, 0, 1, 
1657914634.894304, 0, 1, 
1657914634.8965144, 0, 1, 
1657914634.898905, 0, 1, 
1657914634.9012392, 0, 1, 
1657914634.9034586, 0, 1, 
1657914634.9055703, 0, 1, 
1657914634.9077299, 0, 1, 
1657914634.9098399, 0, 1, 
1657914634.9119475, 0, 1, 
1657914634.9140565, 0, 1, 
1657914634.9228258, 0, 1, 
1657914634.9254022, 0, 1, 
1657914634.9279726, 0, 1, 
1657914634.9306564, 0, 1, 
1657914634.9328115, 0, 1, 
1657914634.934997, 0, 1, 
1657914634.9371831, 0, 1, 
1657914634.9393232, 0, 1, 
1657914634.9415731, 0, 1, 
1657914634.943728, 0, 1, 
1657914634.9539123, 0, 1, 
1657914634.9561777, 0, 1, 
1657914634.9583654, 0, 1, 
1657914634.9604588, 0, 1, 
1657914634.9629583, 0, 1, 
1657914634.9651241, 0, 1, 
1657914634.9672346, 0, 1, 
1657914634.9693449, 0, 1, 
1657914634.9714866, 0, 1, 
1657914634.973595, 0, 1, 
1657914634.980551, 0, 1, 
1657914634.982781, 0, 1, 
1657914634.984955, 0, 1, 
1657914634.987322, 0, 1, 
1657914634.989574, 0, 1, 
1657914634.9918184, 0, 1, 
1657914634.997441, 0, 1, 
1657914635.0004132, 0, 1, 
1657914635.0029187, 0, 1, 
1657914635.0050588, 0, 1, 
1657914635.011711, 0, 1, 
1657914635.0139542, 0, 1, 
1657914635.016085, 0, 1, 
1657914635.018213, 0, 1, 
1657914635.0203102, 0, 1, 
1657914635.0223947, 0, 1, 
1657914635.0247087, 0, 1, 
1657914635.0268672, 0, 1, 
1657914635.0289762, 0, 1, 
1657914635.0310884, 0, 1, 
1657914635.0378194, 0, 1, 
1657914635.0400436, 0, 1, 
1657914635.0421832, 0, 1, 
1657914635.0442805, 0, 1, 
1657914635.0463657, 0, 1, 
1657914635.0489993, 0, 1, 
1657914635.0511827, 0, 1, 
1657914635.053301, 0, 1, 
1657914635.0554059, 0, 1, 
1657914635.0575132, 0, 1, 
1657914635.0644386, 0, 1, 
1657914635.0666633, 0, 1, 
1657914635.068794, 0, 1, 
1657914635.0710847, 0, 1, 
1657914635.0735364, 0, 1, 
1657914635.0756896, 0, 1, 
1657914635.0778546, 0, 1, 
1657914635.0800116, 0, 1, 
1657914635.0821338, 0, 1, 
1657914635.0842628, 0, 1, 
1657914635.0912912, 0, 1, 
1657914635.093573, 0, 1, 
1657914635.0959551, 0, 1, 
1657914635.0981333, 0, 1, 
1657914635.100258, 0, 1, 
1657914635.1023774, 0, 1, 
1657914635.104976, 0, 1, 
1657914635.107604, 0, 1, 
1657914635.1097422, 0, 1, 
1657914635.1118727, 0, 1, 
1657914635.1207838, 0, 1, 
1657914635.1231825, 0, 1, 
1657914635.12874, 0, 1, 
1657914635.1318066, 0, 1, 
1657914635.1341457, 0, 1, 
1657914635.1362743, 0, 1, 
1657914635.1384184, 0, 1, 
1657914635.140526, 0, 1, 
1657914635.1426177, 0, 1, 
1657914635.1447475, 0, 1, 
1657914635.1514175, 0, 1, 
1657914635.1538544, 0, 1, 
1657914635.1562002, 0, 1, 
1657914635.1583986, 0, 1, 
1657914635.1605084, 0, 1, 
1657914635.162653, 0, 1, 
1657914635.1647508, 0, 1, 
1657914635.1668477, 0, 1, 
1657914635.1689694, 0, 1, 
1657914635.1710882, 0, 1, 
1657914635.1779487, 0, 1, 
1657914635.1806366, 0, 1, 
1657914635.1828303, 0, 1, 
1657914635.1849458, 0, 1, 
1657914635.1870553, 0, 1, 
1657914635.189168, 0, 1, 
1657914635.1912665, 0, 1, 
1657914635.1933851, 0, 1, 
1657914635.1955583, 0, 1, 
1657914635.1976655, 0, 1, 
1657914635.2047138, 0, 1, 
1657914635.2070632, 0, 1, 
1657914635.2102637, 0, 1, 
1657914635.212477, 0, 1, 
1657914635.2146058, 0, 1, 
1657914635.2167182, 0, 1, 
1657914635.2188084, 0, 1, 
1657914635.2209165, 0, 1, 
1657914635.2230449, 0, 1, 
1657914635.2251496, 0, 1, 
1657914635.234081, 0, 1, 
1657914635.2364755, 0, 1, 
1657914635.2386577, 0, 1, 
1657914635.2407832, 0, 1, 
1657914635.2429278, 0, 1, 
1657914635.24517, 0, 1, 
1657914635.2474134, 0, 1, 
1657914635.2495806, 0, 1, 
1657914635.2516804, 0, 1, 
1657914635.253811, 0, 1, 
1657914635.2613392, 0, 1, 
1657914635.2636409, 0, 1, 
1657914635.2657497, 0, 1, 
1657914635.2682185, 0, 1, 
1657914635.270344, 0, 1, 
1657914635.2724411, 0, 1, 
1657914635.2745376, 0, 1, 
1657914635.2766657, 0, 1, 
1657914635.2787788, 0, 1, 
1657914635.280878, 0, 1, 
1657914635.2947838, 0, 1, 
1657914635.3003716, 0, 1, 
1657914635.303484, 0, 1, 
1657914635.3058102, 0, 1, 
1657914635.3080373, 0, 1, 
1657914635.3101501, 0, 1, 
1657914635.312399, 0, 1, 
1657914635.3145905, 0, 1, 
1657914635.3167126, 0, 1, 
1657914635.3188105, 0, 1, 
1657914635.3259497, 0, 1, 
1657914635.3285542, 0, 1, 
1657914635.330805, 0, 1, 
1657914635.332946, 0, 1, 
1657914635.335049, 0, 1, 
1657914635.3371453, 0, 1, 
1657914635.3392706, 0, 1, 
1657914635.341406, 0, 1, 
1657914635.3435042, 0, 1, 
1657914635.3456147, 0, 1, 
1657914635.3545578, 0, 1, 
1657914635.3567767, 0, 1, 
1657914635.3588674, 0, 1, 
1657914635.361248, 0, 1, 
1657914635.3635619, 0, 1, 
1657914635.3658695, 0, 1, 
1657914635.3682437, 0, 1, 
1657914635.370567, 0, 1, 
1657914635.3728986, 0, 1, 
1657914635.3752112, 0, 1, 
1657914635.3827662, 0, 1, 
1657914635.3852222, 0, 1, 
1657914635.3875833, 0, 1, 
1657914635.3899083, 0, 1, 
1657914635.392229, 0, 1, 
1657914635.3945217, 0, 1, 
1657914635.3968253, 0, 1, 
1657914635.399121, 0, 1, 
1657914635.4017184, 0, 1, 
1657914635.404113, 0, 1, 
1657914635.4134965, 0, 1, 
1657914635.4159503, 0, 1, 
1657914635.4183633, 0, 1, 
1657914635.4206681, 0, 1, 
1657914635.423063, 0, 1, 
1657914635.4256306, 0, 1, 
1657914635.4280734, 0, 1, 
1657914635.4341452, 0, 1, 
1657914635.437304, 0, 1, 
1657914635.4399352, 0, 1, 
1657914635.4473548, 0, 1, 
1657914635.4498007, 0, 1, 
1657914635.4521596, 0, 1, 
1657914635.4544668, 0, 1, 
1657914635.4567838, 2, 1, 
1657914635.459315, 0, 1, 
1657914635.4619374, 0, 1, 
1657914635.4643517, 0, 1, 
1657914635.4666898, 0, 1, 
1657914635.469019, 0, 1, 
1657914635.476261, 0, 1, 
1657914635.478765, 0, 1, 
1657914635.4810789, 0, 1, 
1657914635.4834163, 0, 1, 
1657914635.486239, 0, 1, 
1657914635.4886756, 0, 1, 
1657914635.4910276, 0, 1, 
1657914635.493375, 0, 1, 
1657914635.4956799, 0, 1, 
1657914635.498079, 0, 1, 
1657914635.5053077, 0, 1, 
1657914635.5078745, 0, 1, 
1657914635.510485, 0, 1, 
1657914635.5128815, 0, 1, 
1657914635.5155702, 0, 1, 
1657914635.5179505, 0, 1, 
1657914635.5202713, 0, 1, 
1657914635.5226, 0, 1, 
1657914635.5249493, 0, 1, 
1657914635.5272784, 0, 1, 
1657914635.541241, 0, 1, 
1657914635.544036, 0, 1, 
1657914635.5463738, 0, 1, 
1657914635.5487318, 0, 1, 
1657914635.5510654, 0, 1, 
1657914635.5537453, 0, 1, 
1657914635.556209, 0, 1, 
1657914635.558675, 0, 1, 
1657914635.5611157, 0, 1, 
1657914635.5636547, 0, 1, 
1657914635.5710695, 0, 1, 
1657914635.5735915, 0, 1, 
1657914635.5760918, 0, 1, 
1657914635.57891, 0, 1, 
1657914635.5812721, 0, 1, 
1657914635.5836167, 0, 1, 
1657914635.5859354, 0, 1, 
1657914635.5883193, 0, 1, 
1657914635.5906541, 0, 1, 
1657914635.5930054, 0, 1, 
1657914635.6028457, 0, 1, 
1657914635.6055043, 0, 1, 
1657914635.611446, 0, 1, 
1657914635.6147842, 0, 1, 
1657914635.621342, 0, 1, 
1657914635.623693, 0, 1, 
1657914635.6260414, 0, 1, 
1657914635.6283994, 0, 1, 
1657914635.630744, 0, 1, 
1657914635.6330667, 0, 1, 
1657914635.640304, 0, 1, 
1657914635.6432557, 0, 1, 
1657914635.6456084, 0, 1, 
1657914635.6479821, 0, 1, 
1657914635.6503568, 0, 1, 
1657914635.6526818, 0, 1, 
1657914635.655002, 0, 1, 
1657914635.6573937, 0, 1, 
1657914635.659725, 0, 1, 
1657914635.6620455, 0, 1, 
1657914635.6694188, 0, 1, 
1657914635.6718392, 0, 1, 
1657914635.6742222, 0, 1, 
1657914635.6765409, 0, 1, 
1657914635.678885, 0, 1, 
1657914635.6811872, 0, 1, 
1657914635.6835492, 0, 1, 
1657914635.685867, 0, 1, 
1657914635.688208, 0, 1, 
1657914635.6909595, 0, 1, 
1657914635.698049, 0, 1, 
1657914635.7004952, 0, 1, 
1657914635.702806, 0, 1, 
1657914635.7050967, 0, 1, 
1657914635.707431, 0, 1, 
1657914635.7097223, 0, 1, 
1657914635.7120252, 0, 1, 
1657914635.7148824, 0, 1, 
1657914635.717288, 0, 1, 
1657914635.7195935, 0, 1, 
1657914635.7318945, 0, 1, 
1657914635.7343552, 0, 1, 
1657914635.7366774, 0, 1, 
1657914635.739022, 0, 1, 
1657914635.7413435, 0, 1, 
1657914635.744127, 0, 1, 
1657914635.7465816, 0, 1, 
1657914635.7489853, 0, 1, 
1657914635.7559023, 0, 1, 
1657914635.7584932, 0, 1, 
1657914635.7660427, 0, 1, 
1657914635.7685258, 0, 1, 
1657914635.7708628, 0, 1, 
1657914635.7732072, 0, 1, 
1657914635.775525, 0, 1, 
1657914635.778067, 0, 1, 
1657914635.780638, 0, 1, 
1657914635.783011, 0, 1, 
1657914635.785321, 0, 1, 
1657914635.7876582, 0, 1, 
1657914635.7967825, 0, 1, 
1657914635.7992337, 0, 1, 
1657914635.8015447, 0, 1, 
1657914635.8044345, 0, 1, 
1657914635.8068428, 0, 1, 
1657914635.809168, 0, 1, 
1657914635.8114903, 0, 1, 
1657914635.813809, 0, 1, 
1657914635.8160958, 0, 1, 
1657914635.8184266, 0, 1, 
1657914635.8274868, 0, 1, 
1657914635.8304653, 0, 1, 
1657914635.8327904, 0, 1, 
1657914635.8351364, 0, 1, 
1657914635.837455, 0, 1, 
1657914635.839774, 0, 1, 
1657914635.8420963, 0, 1, 
1657914635.844398, 0, 1, 
1657914635.8467152, 0, 1, 
1657914635.8490353, 0, 1, 
1657914635.8578184, 0, 1, 
1657914635.860628, 0, 1, 
1657914635.8630724, 0, 1, 
1657914635.8654087, 0, 1, 
1657914635.867814, 0, 1, 
1657914635.8703935, 0, 1, 
1657914635.8727388, 0, 1, 
1657914635.8750653, 0, 1, 
1657914635.8774607, 0, 1, 
1657914635.879855, 0, 1, 
1657914635.8875883, 0, 1, 
1657914635.8900504, 0, 1, 
1657914635.8928952, 0, 1, 
1657914635.895289, 0, 1, 
1657914635.897587, 0, 1, 
1657914635.8999293, 0, 1, 
1657914635.9022362, 0, 1, 
1657914635.904539, 0, 1, 
1657914635.9068623, 0, 1, 
1657914635.9091744, 0, 1, 
1657914635.9185603, 0, 1, 
1657914635.9212742, 0, 1, 
1657914635.9276178, 0, 1, 
1657914635.9312918, 0, 1, 
1657914635.9336364, 0, 1, 
1657914635.935973, 0, 1, 
1657914635.9383974, 0, 1, 
1657914635.9407055, 0, 1, 
1657914635.9430108, 0, 1, 
1657914635.9453022, 0, 1, 
1657914635.9527252, 0, 1, 
1657914635.9557815, 0, 1, 
1657914635.9582014, 0, 1, 
1657914635.9605396, 0, 1, 
1657914635.9628682, 0, 1, 
1657914635.9651964, 0, 1, 
1657914635.967559, 0, 1, 
1657914635.9698687, 0, 1, 
1657914635.972186, 0, 1, 
1657914635.9744933, 0, 1, 
1657914635.9816136, 0, 1, 
1657914635.9840593, 0, 1, 
1657914635.9863825, 0, 1, 
1657914635.9887826, 0, 1, 
1657914635.9911022, 0, 1, 
1657914635.99342, 0, 1, 
1657914635.9957407, 0, 1, 
1657914635.9981086, 0, 1, 
1657914636.000433, 0, 1, 
1657914636.0032082, 0, 1, 
1657914636.0104535, 0, 1, 
1657914636.012913, 0, 1, 
1657914636.015234, 0, 1, 
1657914636.0175273, 0, 1, 
1657914636.019899, 0, 1, 
1657914636.022221, 0, 1, 
1657914636.0245123, 0, 1, 
1657914636.0271728, 0, 1, 
1657914636.0295665, 0, 1, 
1657914636.031886, 0, 1, 
1657914636.0394478, 0, 1, 
1657914636.0418906, 0, 1, 
1657914636.0442188, 0, 1, 
1657914636.0465395, 0, 1, 
1657914636.0490994, 0, 1, 
1657914636.0516946, 0, 1, 
1657914636.0542307, 0, 1, 
1657914636.0600195, 0, 1, 
1657914636.063215, 0, 1, 
1657914636.0658526, 0, 1, 
1657914636.0729892, 0, 1, 
1657914636.0754654, 0, 1, 
1657914636.0778573, 0, 1, 
1657914636.0801928, 0, 1, 
1657914636.082516, 0, 1, 
1657914636.0848489, 0, 1, 
1657914636.0877674, 0, 1, 
1657914636.090161, 0, 1, 
1657914636.0925164, 0, 1, 
1657914636.0948827, 0, 1, 
1657914636.1041365, 0, 1, 
1657914636.1066546, 0, 1, 
1657914636.1089633, 0, 1, 
1657914636.1118066, 0, 1, 
1657914636.1142037, 0, 1, 
1657914636.11652, 0, 1, 
1657914636.118873, 0, 1, 
1657914636.1211898, 0, 1, 
1657914636.1240342, 0, 1, 
1657914636.1265075, 0, 1, 
1657914636.1345754, 0, 1, 
1657914636.1378615, 0, 1, 
1657914636.1403728, 0, 1, 
1657914636.142933, 0, 1, 
1657914636.1454213, 0, 1, 
1657914636.148002, 0, 1, 
1657914636.1504757, 0, 1, 
1657914636.1530585, 0, 1, 
1657914636.155571, 0, 1, 
1657914636.1582353, 0, 1, 
