SystemTime, ADC, 
1655755106.547573, 68, 
1655755106.5515473, 59, 
1655755106.5544932, 52, 
1655755106.5574095, 45, 
1655755106.5604606, 38, 
1655755106.56348, 33, 
1655755106.5664265, 28, 
1655755106.5693512, 25, 
1655755106.5723681, 21, 
1655755106.5754797, 18, 
1655755106.587111, 16, 
1655755106.5898864, 13, 
1655755106.5925229, 11, 
1655755106.5950725, 9, 
1655755106.5975993, 8, 
1655755106.600119, 6, 
1655755106.6026514, 6, 
1655755106.6050913, 5, 
1655755106.607579, 4, 
1655755106.610442, 2, 
1655755106.619911, 3, 
1655755106.6236136, 2, 
1655755106.6264327, 1, 
1655755106.6289666, 0, 
1655755106.6314392, 0, 
1655755106.6339018, 0, 
1655755106.63645, 0, 
1655755106.6389527, 0, 
1655755106.6413894, 0, 
1655755106.643861, 0, 
1655755106.6513293, 0, 
1655755106.653915, 0, 
1655755106.6563778, 0, 
1655755106.658851, 0, 
1655755106.6613195, 0, 
1655755106.6637764, 0, 
1655755106.666232, 0, 
1655755106.668687, 0, 
1655755106.6711206, 0, 
1655755106.673967, 0, 
1655755106.6833897, 0, 
1655755106.6858163, 0, 
1655755106.6881173, 0, 
1655755106.69038, 0, 
1655755106.6927671, 0, 
1655755106.695061, 0, 
1655755106.6978805, 0, 
1655755106.7002153, 0, 
1655755106.7025468, 0, 
1655755106.7048523, 0, 
1655755106.711752, 0, 
1655755106.714184, 0, 
1655755106.716513, 0, 
1655755106.7188206, 0, 
1655755106.7215757, 0, 
1655755106.724051, 0, 
1655755106.7263823, 0, 
1655755106.7286766, 0, 
1655755106.730968, 0, 
1655755106.7335122, 0, 
1655755106.7408404, 0, 
1655755106.7434716, 0, 
1655755106.7460442, 0, 
1655755106.748372, 0, 
1655755106.7507415, 0, 
1655755106.7530532, 0, 
1655755106.7555847, 0, 
1655755106.7581697, 0, 
1655755106.7604663, 0, 
1655755106.7628036, 0, 
1655755106.7697365, 0, 
1655755106.7722616, 0, 
1655755106.7745783, 0, 
1655755106.7768705, 0, 
1655755106.7796512, 0, 
1655755106.7821488, 0, 
1655755106.7845836, 0, 
1655755106.789508, 0, 
1655755106.7926912, 0, 
1655755106.7955358, 0, 
1655755106.8025818, 0, 
1655755106.8049858, 0, 
1655755106.8073025, 0, 
1655755106.809626, 0, 
1655755106.811988, 0, 
1655755106.8142936, 0, 
1655755106.8171494, 0, 
1655755106.819489, 0, 
1655755106.8218427, 0, 
1655755106.824134, 0, 
1655755106.8313267, 0, 
1655755106.833764, 0, 
1655755106.836097, 0, 
1655755106.8383892, 0, 
1655755106.8411906, 0, 
1655755106.8435466, 0, 
1655755106.8458672, 0, 
1655755106.8481905, 0, 
1655755106.8504822, 0, 
1655755106.8528202, 0, 
1655755106.8634548, 0, 
1655755106.8663585, 0, 
1655755106.8687067, 0, 
1655755106.8710275, 0, 
1655755106.8733184, 0, 
1655755106.8756235, 0, 
1655755106.8779194, 0, 
1655755106.8802273, 0, 
1655755106.8825846, 0, 
1655755106.884879, 0, 
1655755106.894849, 0, 
1655755106.8973157, 0, 
1655755106.899785, 0, 
1655755106.902199, 0, 
1655755106.904482, 0, 
1655755106.9067912, 0, 
1655755106.9093583, 0, 
1655755106.9117515, 0, 
1655755106.9141133, 0, 
1655755106.9165595, 0, 
1655755106.9290426, 0, 
1655755106.9321814, 0, 
1655755106.9346175, 0, 
1655755106.936915, 0, 
1655755106.9392512, 0, 
1655755106.9415646, 0, 
1655755106.9438925, 0, 
1655755106.9462113, 0, 
1655755106.948521, 0, 
1655755106.9508104, 0, 
1655755106.9579625, 0, 
1655755106.9604855, 0, 
1655755106.965473, 0, 
1655755106.968682, 0, 
1655755106.9712687, 0, 
1655755106.9736862, 0, 
1655755106.9759629, 0, 
1655755106.9782782, 0, 
1655755106.9805946, 0, 
1655755106.9829254, 0, 
1655755107.0087373, 0, 
1655755107.0113108, 0, 
1655755107.0137727, 0, 
1655755107.0161984, 0, 
1655755107.0192657, 0, 
1655755107.02187, 0, 
1655755107.0243266, 0, 
1655755107.0267785, 0, 
1655755107.0292296, 0, 
1655755107.0316646, 0, 
1655755107.0395863, 0, 
1655755107.0427256, 0, 
1655755107.0452766, 0, 
1655755107.0477188, 0, 
1655755107.0502036, 0, 
1655755107.052752, 0, 
1655755107.055189, 0, 
1655755107.05762, 0, 
1655755107.060063, 0, 
1655755107.0625396, 0, 
1655755107.070218, 0, 
1655755107.0730188, 0, 
1655755107.0755455, 0, 
1655755107.0782928, 0, 
1655755107.0809, 0, 
1655755107.0835958, 0, 
1655755107.086276, 0, 
1655755107.088797, 0, 
1655755107.0917225, 0, 
1655755107.094732, 0, 
1655755107.1026723, 0, 
1655755107.1053865, 0, 
1655755107.1078663, 0, 
1655755107.1103354, 0, 
1655755107.1128623, 0, 
1655755107.11533, 0, 
1655755107.117822, 0, 
1655755107.12033, 0, 
1655755107.1228554, 0, 
1655755107.1255307, 0, 
1655755107.1360536, 0, 
1655755107.140471, 0, 
1655755107.143147, 0, 
1655755107.1456552, 0, 
1655755107.148101, 0, 
1655755107.1505806, 0, 
1655755107.1531558, 0, 
1655755107.1555746, 0, 
1655755107.1580389, 0, 
1655755107.1604884, 0, 
1655755107.1710434, 0, 
1655755107.1736069, 0, 
1655755107.1760674, 0, 
1655755107.1785088, 0, 
1655755107.1809466, 0, 
1655755107.1833878, 0, 
1655755107.1857948, 0, 
1655755107.1883614, 0, 
1655755107.1907444, 0, 
1655755107.1930804, 0, 
1655755107.2001038, 0, 
1655755107.2026517, 0, 
1655755107.204975, 0, 
1655755107.2072668, 0, 
1655755107.2096736, 0, 
1655755107.2123418, 0, 
1655755107.2147112, 0, 
1655755107.2170007, 0, 
1655755107.2193344, 0, 
1655755107.2216356, 0, 
1655755107.2286708, 0, 
1655755107.2310796, 0, 
1655755107.2334158, 0, 
1655755107.236137, 0, 
1655755107.2385302, 0, 
1655755107.240978, 0, 
1655755107.243367, 0, 
1655755107.2457802, 0, 
1655755107.248166, 0, 
1655755107.250574, 0, 
1655755107.258048, 0, 
1655755107.2605193, 0, 
1655755107.2629764, 0, 
1655755107.2654805, 0, 
1655755107.267812, 0, 
1655755107.2701032, 0, 
1655755107.2724686, 0, 
1655755107.2752397, 0, 
1655755107.2776763, 0, 
1655755107.2800105, 0, 
1655755107.287167, 0, 
1655755107.2896135, 0, 
1655755107.2919583, 0, 
1655755107.2942483, 0, 
1655755107.2967496, 0, 
1655755107.2993572, 0, 
1655755107.301833, 0, 
1655755107.3043635, 0, 
1655755107.3114264, 0, 
1655755107.3140163, 0, 
1655755107.3234575, 0, 
1655755107.3258991, 0, 
1655755107.3282232, 0, 
1655755107.3305275, 0, 
1655755107.3328485, 0, 
1655755107.3353908, 0, 
1655755107.3380105, 0, 
1655755107.3403656, 0, 
1655755107.342773, 0, 
1655755107.345088, 0, 
1655755107.3521745, 0, 
1655755107.3546147, 0, 
1655755107.3569298, 0, 
1655755107.3594694, 0, 
1655755107.3621, 0, 
1655755107.3645277, 0, 
1655755107.366806, 0, 
1655755107.3691046, 0, 
1655755107.3714092, 0, 
1655755107.3737423, 0, 
1655755107.3808439, 0, 
1655755107.383278, 0, 
1655755107.3863575, 0, 
1655755107.388958, 0, 
1655755107.3914084, 0, 
1655755107.3938646, 0, 
1655755107.3963165, 0, 
1655755107.398789, 0, 
1655755107.4012387, 0, 
1655755107.4036925, 0, 
1655755107.411046, 0, 
1655755107.4136274, 0, 
1655755107.4160595, 0, 
1655755107.4185307, 0, 
1655755107.4211586, 0, 
1655755107.4236693, 0, 
1655755107.4262712, 0, 
1655755107.4287717, 0, 
1655755107.431254, 0, 
1655755107.4342132, 0, 
1655755107.4417698, 0, 
1655755107.4449434, 0, 
1655755107.4474647, 0, 
1655755107.4499366, 0, 
1655755107.4524796, 0, 
1655755107.454967, 0, 
1655755107.4574597, 0, 
1655755107.4599407, 0, 
1655755107.4625287, 0, 
1655755107.465009, 0, 
1655755107.4730089, 0, 
1655755107.4785666, 0, 
1655755107.481992, 0, 
1655755107.4849536, 0, 
1655755107.4873087, 0, 
1655755107.4896474, 0, 
1655755107.4920123, 0, 
1655755107.4943588, 0, 
1655755107.4967082, 0, 
1655755107.4990304, 0, 
1655755107.509643, 0, 
1655755107.5121613, 0, 
1655755107.514515, 0, 
1655755107.5168738, 0, 
1655755107.519233, 0, 
1655755107.5215876, 0, 
1655755107.5239563, 0, 
1655755107.526313, 0, 
1655755107.5287893, 0, 
1655755107.5314348, 0, 
1655755107.5386167, 0, 
1655755107.5410905, 0, 
1655755107.5434763, 0, 
1655755107.5458329, 0, 
1655755107.5482013, 0, 
1655755107.5522118, 0, 
1655755107.5549233, 0, 
1655755107.5573053, 0, 
1655755107.559599, 0, 
1655755107.5620239, 0, 
1655755107.5693324, 0, 
1655755107.5718396, 0, 
1655755107.5741653, 0, 
1655755107.5764828, 0, 
1655755107.5790973, 0, 
1655755107.5815117, 0, 
1655755107.584187, 0, 
1655755107.5865092, 0, 
1655755107.5889158, 0, 
1655755107.5912519, 0, 
1655755107.5986285, 0, 
1655755107.6010957, 0, 
1655755107.6035202, 0, 
1655755107.6062205, 0, 
1655755107.6086068, 0, 
1655755107.6110268, 0, 
1655755107.61351, 0, 
1655755107.6160054, 0, 
1655755107.6191607, 0, 
1655755107.6215441, 0, 
1655755107.6308992, 0, 
1655755107.6334016, 0, 
1655755107.635805, 0, 
1655755107.6381993, 0, 
1655755107.6409547, 0, 
1655755107.6435778, 0, 
1655755107.6459956, 0, 
1655755107.6522877, 0, 
1655755107.6559975, 0, 
1655755107.6584249, 0, 
1655755107.665146, 0, 
1655755107.6676111, 0, 
1655755107.669953, 0, 
1655755107.6723878, 0, 
1655755107.6747277, 0, 
1655755107.677066, 0, 
1655755107.6798816, 0, 
1655755107.6822784, 0, 
1655755107.6846354, 0, 
1655755107.6869934, 0, 
1655755107.6941094, 0, 
1655755107.6965663, 0, 
1655755107.6989064, 0, 
1655755107.701422, 0, 
1655755107.7040524, 0, 
1655755107.7064247, 0, 
1655755107.7087817, 0, 
1655755107.711132, 0, 
1655755107.7134933, 0, 
1655755107.7158492, 0, 
1655755107.7251458, 0, 
1655755107.7280068, 0, 
1655755107.7304344, 0, 
1655755107.7328181, 0, 
1655755107.7351778, 0, 
1655755107.737548, 0, 
1655755107.7399035, 0, 
1655755107.742329, 0, 
1655755107.7446713, 0, 
1655755107.7470303, 0, 
1655755107.7542224, 0, 
1655755107.756748, 0, 
1655755107.759133, 0, 
1655755107.7614932, 0, 
1655755107.764136, 0, 
1655755107.7664704, 0, 
1655755107.768983, 0, 
1655755107.7745943, 0, 
1655755107.777079, 0, 
1655755107.7796016, 0, 
1655755107.786815, 0, 
1655755107.789599, 0, 
1655755107.792113, 0, 
1655755107.794484, 0, 
1655755107.7968338, 0, 
1655755107.7991962, 0, 
1655755107.8015466, 0, 
1655755107.8039029, 0, 
1655755107.806266, 0, 
1655755107.8086019, 0, 
1655755107.8156598, 0, 
1655755107.8183026, 0, 
1655755107.8242958, 0, 
1655755107.8278193, 0, 
1655755107.8301713, 0, 
1655755107.8325844, 0, 
1655755107.8349488, 0, 
1655755107.8373153, 0, 
1655755107.839665, 0, 
1655755107.8420813, 0, 
1655755107.8493154, 0, 
1655755107.8523812, 0, 
1655755107.8547535, 0, 
1655755107.857128, 0, 
1655755107.8594697, 0, 
1655755107.8618534, 0, 
1655755107.8642125, 0, 
1655755107.8665764, 0, 
1655755107.8689306, 0, 
1655755107.8712854, 0, 
1655755107.882212, 0, 
1655755107.8873305, 0, 
1655755107.8904858, 0, 
1655755107.8929205, 0, 
1655755107.8952894, 0, 
1655755107.8978512, 0, 
1655755107.9007185, 0, 
1655755107.9030857, 0, 
1655755107.9054506, 0, 
1655755107.9078162, 0, 
1655755107.9151003, 0, 
1655755107.9175777, 0, 
1655755107.91995, 0, 
1655755107.9228659, 0, 
1655755107.9252627, 0, 
1655755107.9278188, 0, 
1655755107.930159, 0, 
1655755107.9326303, 0, 
1655755107.9351745, 0, 
1655755107.937773, 0, 
1655755107.9454687, 0, 
1655755107.947965, 0, 
1655755107.9508123, 0, 
1655755107.9531686, 0, 
1655755107.9555705, 0, 
1655755107.9579597, 0, 
1655755107.9604692, 0, 
1655755107.963361, 0, 
1655755107.9656985, 0, 
1655755107.9680276, 0, 
1655755107.9752345, 0, 
1655755107.9776635, 0, 
1655755107.9800491, 0, 
1655755107.9824774, 0, 
1655755107.9852533, 0, 
1655755107.9878626, 0, 
1655755107.9903965, 0, 
1655755107.996914, 0, 
1655755108.0013878, 0, 
1655755108.0056436, 0, 
1655755108.0161006, 0, 
1655755108.0185556, 0, 
1655755108.0209148, 0, 
1655755108.0234513, 0, 
1655755108.0262163, 0, 
1655755108.0285757, 0, 
1655755108.0309277, 0, 
1655755108.0332997, 0, 
1655755108.0356612, 0, 
1655755108.0380237, 0, 
1655755108.045117, 0, 
1655755108.0478098, 0, 
1655755108.0507767, 0, 
1655755108.0531492, 0, 
1655755108.055525, 0, 
1655755108.0579004, 0, 
1655755108.0602643, 0, 
1655755108.0626638, 0, 
1655755108.0650287, 0, 
1655755108.0674102, 0, 
1655755108.0745392, 0, 
1655755108.0770285, 0, 
1655755108.0794032, 0, 
1655755108.0817842, 0, 
1655755108.0841546, 0, 
1655755108.0864992, 0, 
1655755108.0888622, 0, 
1655755108.0912542, 0, 
1655755108.093628, 0, 
1655755108.0963368, 0, 
1655755108.1040254, 0, 
1655755108.1068037, 0, 
1655755108.1096563, 0, 
1655755108.1165242, 0, 
1655755108.1191862, 0, 
1655755108.1218846, 0, 
1655755108.1243415, 0, 
1655755108.1266832, 0, 
1655755108.1290247, 0, 
1655755108.1318386, 0, 
1655755108.138907, 0, 
1655755108.1413865, 0, 
1655755108.14405, 0, 
1655755108.1464334, 0, 
1655755108.1487951, 0, 
1655755108.1511488, 0, 
1655755108.1535192, 0, 
1655755108.156121, 0, 
1655755108.1587114, 0, 
1655755108.1612372, 0, 
1655755108.1749942, 0, 
1655755108.1774921, 0, 
1655755108.179867, 0, 
1655755108.182314, 0, 
1655755108.1846817, 0, 
1655755108.1870933, 0, 
1655755108.1894615, 0, 
1655755108.192011, 0, 
1655755108.194843, 0, 
1655755108.197207, 0, 
1655755108.210534, 0, 
1655755108.2130446, 0, 
1655755108.2154143, 0, 
1655755108.2181945, 0, 
1655755108.221372, 0, 
1655755108.2259033, 0, 
1655755108.2282736, 0, 
1655755108.230786, 0, 
1655755108.2331588, 0, 
1655755108.2355127, 0, 
1655755108.242782, 0, 
1655755108.2452624, 0, 
1655755108.2476335, 0, 
1655755108.249975, 0, 
1655755108.252405, 0, 
1655755108.2547798, 0, 
1655755108.2571447, 0, 
1655755108.259485, 0, 
1655755108.2618527, 0, 
1655755108.2643645, 0, 
1655755108.275173, 0, 
1655755108.2779453, 0, 
1655755108.2804465, 0, 
1655755108.2829554, 0, 
1655755108.2853007, 0, 
1655755108.2880297, 0, 
1655755108.2903755, 0, 
1655755108.2927997, 0, 
1655755108.2952192, 0, 
1655755108.2977347, 0, 
1655755108.3050323, 0, 
1655755108.3074765, 0, 
1655755108.3100317, 0, 
1655755108.3125741, 0, 
1655755108.3149464, 0, 
1655755108.3173366, 0, 
1655755108.319708, 0, 
1655755108.3221002, 0, 
1655755108.32446, 0, 
1655755108.3268838, 0, 
1655755108.335384, 0, 
1655755108.343266, 0, 
1655755108.3465014, 0, 
1655755108.3491316, 0, 
1655755108.351572, 0, 
1655755108.3539484, 0, 
1655755108.3563275, 0, 
1655755108.358695, 0, 
1655755108.361045, 0, 
1655755108.3634086, 0, 
1655755108.3708603, 0, 
1655755108.3738978, 0, 
1655755108.3762615, 0, 
1655755108.3786285, 0, 
1655755108.3809671, 0, 
1655755108.3833368, 0, 
1655755108.3857589, 0, 
1655755108.3881395, 0, 
1655755108.3905249, 0, 
1655755108.392947, 0, 
1655755108.4004223, 0, 
1655755108.4029605, 0, 
1655755108.40532, 0, 
1655755108.4076862, 0, 
1655755108.410055, 0, 
1655755108.4124568, 0, 
1655755108.4148083, 0, 
1655755108.417171, 0, 
1655755108.4197247, 0, 
1655755108.422667, 0, 
1655755108.432009, 0, 
1655755108.4344487, 0, 
1655755108.4367888, 0, 
1655755108.4394116, 0, 
1655755108.4418128, 0, 
1655755108.4476461, 0, 
1655755108.4505591, 0, 
1655755108.453113, 0, 
1655755108.4556024, 0, 
1655755108.4580379, 0, 
1655755108.4655454, 0, 
1655755108.4680314, 0, 
1655755108.4707882, 0, 
1655755108.4732563, 0, 
1655755108.4757428, 0, 
1655755108.478189, 0, 
1655755108.4805849, 0, 
1655755108.4833295, 0, 
1655755108.4857771, 0, 
1655755108.4882116, 0, 
1655755108.4952548, 0, 
1655755108.4977343, 0, 
1655755108.500107, 0, 
1655755108.5025067, 0, 
1655755108.5050309, 0, 
1655755108.507597, 0, 
1655755108.510066, 0, 
1655755108.5161464, 0, 
1655755108.5193212, 0, 
1655755108.5220265, 0, 
1655755108.5291631, 0, 
1655755108.5316248, 0, 
1655755108.5340135, 0, 
1655755108.536382, 0, 
1655755108.5387228, 0, 
1655755108.541074, 0, 
1655755108.5438888, 0, 
1655755108.5463219, 0, 
1655755108.548697, 0, 
1655755108.5511289, 0, 
1655755108.5763037, 0, 
1655755108.5788567, 0, 
1655755108.5812716, 0, 
1655755108.5836582, 0, 
1655755108.5860584, 0, 
1655755108.5885367, 0, 
1655755108.592625, 0, 
1655755108.5954914, 0, 
1655755108.5980532, 0, 
1655755108.6006064, 0, 
1655755108.608194, 0, 
1655755108.6108406, 0, 
1655755108.613442, 0, 
1655755108.6161942, 0, 
1655755108.6192036, 0, 
1655755108.6218965, 0, 
1655755108.6247444, 0, 
1655755108.6273386, 0, 
1655755108.6301763, 0, 
1655755108.6331174, 0, 
1655755108.6409724, 0, 
1655755108.6436868, 0, 
1655755108.6467614, 0, 
1655755108.6493046, 0, 
1655755108.6518943, 0, 
1655755108.654402, 0, 
1655755108.6571984, 0, 
1655755108.6600313, 0, 
1655755108.6625721, 0, 
1655755108.6651149, 0, 
1655755108.6715727, 0, 
1655755108.677672, 0, 
1655755108.680526, 0, 
1655755108.683399, 0, 
1655755108.6860733, 0, 
1655755108.6918077, 0, 
1655755108.6966178, 0, 
1655755108.6992524, 0, 
1655755108.7016037, 0, 
1655755108.70398, 0, 
1655755108.7133365, 0, 
1655755108.7158241, 0, 
1655755108.7181962, 0, 
1655755108.7209833, 0, 
1655755108.7235734, 0, 
1655755108.7259324, 0, 
1655755108.728297, 0, 
1655755108.7306364, 0, 
1655755108.7330403, 0, 
1655755108.735407, 0, 
1655755108.742542, 0, 
1655755108.745478, 0, 
1655755108.748124, 0, 
1655755108.75047, 0, 
1655755108.7528758, 0, 
1655755108.7552297, 0, 
1655755108.757596, 0, 
1655755108.7599466, 0, 
1655755108.7623188, 0, 
1655755108.7646892, 0, 
1655755108.7729242, 0, 
1655755108.77543, 0, 
1655755108.7778463, 0, 
1655755108.7802534, 0, 
1655755108.785083, 0, 
1655755108.7887425, 0, 
1655755108.7912204, 0, 
1655755108.793828, 0, 
1655755108.7963707, 0, 
1655755108.7988617, 0, 
1655755108.8060825, 0, 
1655755108.8085642, 0, 
1655755108.8109274, 0, 
1655755108.8132818, 0, 
1655755108.815919, 0, 
1655755108.8185065, 0, 
1655755108.8209457, 0, 
1655755108.8233044, 0, 
1655755108.825771, 0, 
1655755108.8283317, 0, 
1655755108.837293, 0, 
1655755108.8397765, 0, 
1655755108.8421552, 0, 
1655755108.844525, 0, 
1655755108.846909, 0, 
1655755108.8492718, 0, 
1655755108.852123, 0, 
1655755108.8546653, 0, 
1655755108.8572464, 0, 
1655755108.863234, 0, 
1655755108.871892, 0, 
1655755108.8743443, 0, 
1655755108.8766685, 0, 
1655755108.8790026, 0, 
1655755108.8813276, 0, 
1655755108.8837001, 0, 
1655755108.886066, 0, 
1655755108.8886695, 0, 
1655755108.8918595, 0, 
1655755108.894287, 0, 
1655755108.899384, 0, 
1655755108.9018786, 0, 
1655755108.9045138, 0, 
1655755108.9068542, 0, 
1655755108.9091902, 0, 
1655755108.9115138, 0, 
1655755108.9142022, 0, 
1655755108.9166305, 0, 
1655755108.9189973, 0, 
1655755108.9213436, 0, 
1655755108.9286292, 0, 
1655755108.9310577, 0, 
1655755108.933444, 0, 
1655755108.9358094, 0, 
1655755108.9387617, 0, 
1655755108.9411988, 0, 
1655755108.9435349, 0, 
1655755108.9458594, 0, 
1655755108.9481905, 0, 
1655755108.9505186, 0, 
1655755108.957644, 0, 
1655755108.9602852, 0, 
1655755108.9631972, 0, 
1655755108.9655795, 0, 
1655755108.9679234, 0, 
1655755108.970571, 0, 
1655755108.9730704, 0, 
1655755108.9754548, 0, 
1655755108.9777853, 0, 
1655755108.980498, 0, 
1655755108.9875968, 0, 
1655755108.990207, 0, 
1655755108.9930623, 0, 
1655755108.9959521, 0, 
1655755108.998415, 0, 
1655755109.0008817, 0, 
1655755109.0034637, 0, 
1655755109.0059302, 0, 
1655755109.008263, 0, 
1655755109.0105953, 0, 
1655755109.0181026, 0, 
1655755109.0205405, 0, 
1655755109.0229127, 0, 
1655755109.0252357, 0, 
1655755109.0281188, 0, 
1655755109.0307145, 0, 
1655755109.036485, 0, 
1655755109.0397758, 0, 
1655755109.0424562, 0, 
1655755109.0448942, 0, 
1655755109.0518894, 0, 
1655755109.0543957, 0, 
1655755109.056721, 0, 
1655755109.0590594, 0, 
1655755109.0613897, 0, 
1655755109.063946, 0, 
1655755109.0666268, 0, 
1655755109.0690203, 0, 
1655755109.0714357, 0, 
1655755109.0738356, 0, 
1655755109.080978, 0, 
1655755109.083497, 0, 
1655755109.0858984, 0, 
1655755109.0882688, 0, 
1655755109.0912879, 0, 
1655755109.093696, 0, 
1655755109.0960784, 0, 
1655755109.0984688, 0, 
1655755109.101085, 0, 
1655755109.1035306, 0, 
1655755109.1118958, 0, 
1655755109.1156142, 0, 
1655755109.118043, 0, 
1655755109.1204586, 0, 
1655755109.1229904, 0, 
1655755109.1253517, 0, 
1655755109.127803, 0, 
1655755109.130161, 0, 
1655755109.1325848, 0, 
1655755109.1349683, 0, 
1655755109.1422749, 0, 
1655755109.1448784, 0, 
1655755109.147433, 0, 
1655755109.1498547, 0, 
1655755109.1525576, 0, 
1655755109.1549983, 0, 
1655755109.157357, 0, 
1655755109.1597314, 0, 
1655755109.1623766, 0, 
1655755109.1648304, 0, 
1655755109.1720607, 0, 
1655755109.1748776, 0, 
1655755109.1772952, 0, 
1655755109.1796765, 0, 
1655755109.1821015, 0, 
1655755109.1844738, 0, 
1655755109.1868458, 0, 
1655755109.1892166, 0, 
1655755109.1916254, 0, 
1655755109.1939812, 0, 
1655755109.2012758, 0, 
1655755109.2074864, 0, 
1655755109.210803, 0, 
1655755109.2135308, 0, 
1655755109.215956, 0, 
1655755109.2183447, 0, 
1655755109.2209768, 0, 
1655755109.2272563, 0, 
1655755109.2296224, 0, 
1655755109.2320518, 0, 
1655755109.2413898, 0, 
1655755109.2438724, 0, 
1655755109.2462926, 0, 
1655755109.2486556, 0, 
1655755109.2510078, 0, 
1655755109.2533767, 0, 
1655755109.255763, 0, 
1655755109.2581258, 0, 
1655755109.260487, 0, 
1655755109.2634058, 0, 
1655755109.2705507, 0, 
1655755109.2730787, 0, 
1655755109.2755082, 0, 
1655755109.2778726, 0, 
1655755109.2802188, 0, 
1655755109.282655, 0, 
1655755109.285168, 0, 
1655755109.2880812, 0, 
1655755109.2904842, 0, 
1655755109.2928727, 0, 
1655755109.3004057, 0, 
1655755109.3029132, 0, 
1655755109.305251, 0, 
1655755109.3076966, 0, 
1655755109.3103373, 0, 
1655755109.3127477, 0, 
1655755109.3150928, 0, 
1655755109.3174229, 0, 
1655755109.3197596, 0, 
1655755109.322551, 0, 
1655755109.3296664, 0, 
1655755109.332538, 0, 
1655755109.3350701, 0, 
1655755109.3375568, 0, 
1655755109.3400385, 0, 
1655755109.342533, 0, 
1655755109.3451598, 0, 
1655755109.347498, 0, 
1655755109.3498805, 0, 
1655755109.3524606, 0, 
1655755109.3620064, 0, 
1655755109.3644674, 0, 
1655755109.3668118, 0, 
1655755109.3691442, 0, 
1655755109.3714583, 0, 
1655755109.3737977, 0, 
1655755109.3761225, 0, 
1655755109.3784444, 0, 
1655755109.3810358, 0, 
1655755109.3836262, 0, 
1655755109.3911474, 0, 
1655755109.3946745, 0, 
1655755109.3970182, 0, 
1655755109.3993814, 0, 
1655755109.4018002, 0, 
1655755109.4041536, 0, 
1655755109.4065304, 0, 
1655755109.4088929, 0, 
1655755109.4112477, 0, 
1655755109.4136195, 0, 
1655755109.420987, 0, 
1655755109.4234757, 0, 
1655755109.4258816, 0, 
1655755109.4282467, 0, 
1655755109.43062, 0, 
1655755109.4331355, 0, 
1655755109.4355218, 0, 
1655755109.4380012, 0, 
1655755109.4403682, 0, 
1655755109.44334, 0, 
1655755109.4485419, 0, 
1655755109.4509912, 0, 
1655755109.453373, 0, 
1655755109.4557433, 0, 
1655755109.4581091, 0, 
1655755109.4604712, 0, 
1655755109.4628794, 0, 
1655755109.4654343, 0, 
1655755109.4682412, 0, 
1655755109.4705937, 0, 
1655755109.4778707, 0, 
1655755109.480353, 0, 
1655755109.482792, 0, 
1655755109.485159, 0, 
1655755109.4875262, 0, 
1655755109.4903018, 0, 
1655755109.4930813, 0, 
1655755109.4955673, 0, 
1655755109.4979794, 0, 
1655755109.5003457, 0, 
1655755109.510202, 0, 
1655755109.5130603, 0, 
1655755109.5156617, 0, 
1655755109.5179968, 0, 
1655755109.520343, 0, 
1655755109.5227864, 0, 
1655755109.5256734, 0, 
1655755109.5281384, 0, 
1655755109.5304823, 0, 
1655755109.5329444, 0, 
1655755109.5410862, 0, 
1655755109.5436823, 0, 
1655755109.546059, 0, 
1655755109.5485513, 0, 
1655755109.55122, 0, 
1655755109.5536447, 0, 
1655755109.5590293, 0, 
1655755109.5623827, 0, 
1655755109.5650775, 0, 
1655755109.5674524, 0, 
1655755109.5744765, 0, 
1655755109.5769694, 0, 
1655755109.5793412, 0, 
1655755109.5816817, 0, 
1655755109.5840526, 0, 
1655755109.586957, 0, 
1655755109.589418, 0, 
1655755109.5918133, 0, 
1655755109.5942242, 0, 
1655755109.5965927, 0, 
1655755109.6036325, 0, 
1655755109.606136, 0, 
1655755109.6085906, 0, 
1655755109.611168, 0, 
1655755109.613621, 0, 
1655755109.615995, 0, 
1655755109.618402, 0, 
1655755109.6207705, 0, 
1655755109.6231515, 0, 
1655755109.6255264, 0, 
1655755109.6328158, 0, 
1655755109.6359117, 0, 
1655755109.6383858, 0, 
1655755109.6407754, 0, 
1655755109.6434338, 0, 
1655755109.645831, 0, 
1655755109.6482027, 0, 
1655755109.6507385, 0, 
1655755109.6558034, 0, 
1655755109.6582975, 0, 
1655755109.6668613, 0, 
1655755109.6695588, 0, 
1655755109.6720107, 0, 
1655755109.6743572, 0, 
1655755109.6766915, 0, 
1655755109.6794052, 0, 
1655755109.6818898, 0, 
1655755109.6843033, 0, 
1655755109.6867115, 0, 
1655755109.6894457, 0, 
1655755109.6968722, 0, 
1655755109.6994147, 0, 
1655755109.7020178, 0, 
1655755109.704482, 0, 
1655755109.706822, 0, 
1655755109.7094617, 0, 
1655755109.711862, 0, 
1655755109.7142184, 0, 
1655755109.7165754, 0, 
1655755109.718945, 0, 
1655755109.7266462, 0, 
1655755109.7293906, 0, 
1655755109.7352195, 0, 
1655755109.7384655, 0, 
1655755109.7410822, 0, 
1655755109.7435782, 0, 
1655755109.7459502, 0, 
1655755109.7483168, 0, 
1655755109.750748, 0, 
1655755109.7531202, 0, 
1655755109.763967, 0, 
1655755109.7720366, 0, 
1655755109.774423, 0, 
1655755109.7768369, 0, 
1655755109.7792017, 0, 
1655755109.7815607, 0, 
1655755109.7839253, 0, 
1655755109.7862875, 0, 
1655755109.7886388, 0, 
1655755109.7910016, 0, 
1655755109.7990766, 0, 
1655755109.8015614, 0, 
1655755109.8039382, 0, 
1655755109.8063095, 0, 
1655755109.8086748, 0, 
1655755109.8110287, 0, 
1655755109.8133965, 0, 
1655755109.815934, 0, 
1655755109.8187425, 0, 
1655755109.8210933, 0, 
1655755109.8281333, 0, 
1655755109.8307602, 0, 
1655755109.8331478, 0, 
1655755109.8355172, 0, 
1655755109.8378887, 0, 
1655755109.8407924, 0, 
1655755109.8433712, 0, 
1655755109.8458128, 0, 
1655755109.8481717, 0, 
1655755109.8505275, 0, 
1655755109.8590388, 0, 
1655755109.8616023, 0, 
1655755109.8642092, 0, 
1655755109.866609, 0, 
1655755109.8690507, 0, 
1655755109.8719625, 0, 
1655755109.8744864, 0, 
1655755109.8772361, 0, 
1655755109.8796942, 0, 
1655755109.8821065, 0, 
1655755109.8893, 0, 
1655755109.8918767, 0, 
1655755109.8942807, 0, 
1655755109.8966472, 0, 
1655755109.8990135, 0, 
1655755109.9016283, 0, 
1655755109.904241, 0, 
1655755109.909709, 0, 
1655755109.9128973, 0, 
1655755109.9156215, 0, 
1655755109.9229567, 0, 
1655755109.9254448, 0, 
1655755109.9278052, 0, 
1655755109.9301789, 0, 
1655755109.9326024, 0, 
1655755109.9349892, 0, 
1655755109.937638, 0, 
1655755109.940003, 0, 
1655755109.9423976, 0, 
1655755109.9448006, 0, 
1655755109.9521837, 0, 
1655755109.9546661, 0, 
1655755109.9570346, 0, 
1655755109.9596202, 0, 
1655755109.9623272, 0, 
1655755109.9646995, 0, 
1655755109.9670653, 0, 
1655755109.9694295, 0, 
1655755109.9718058, 0, 
1655755109.9741702, 0, 
1655755109.9824245, 0, 
1655755109.9855387, 0, 
1655755109.9879928, 0, 
1655755109.9903421, 0, 
1655755109.992829, 0, 
1655755109.9951847, 0, 
1655755109.997544, 0, 
1655755109.9998827, 0, 
1655755110.0022786, 0, 
1655755110.0046446, 0, 
1655755110.013193, 0, 
1655755110.0159037, 0, 
1655755110.0183473, 0, 
1655755110.0207472, 0, 
1655755110.023167, 0, 
1655755110.025857, 0, 
1655755110.028199, 0, 
1655755110.0305402, 0, 
1655755110.0330272, 0, 
1655755110.0356257, 0, 
1655755110.0450213, 0, 
1655755110.0480626, 0, 
1655755110.0505216, 0, 
1655755110.052903, 0, 
1655755110.0552342, 0, 
1655755110.0575616, 0, 
1655755110.0598955, 0, 
1655755110.0623274, 0, 
1655755110.064661, 0, 
1655755110.0669847, 0, 
1655755110.093619, 0, 
1655755110.096993, 0, 
1655755110.0999563, 0, 
1655755110.10281, 0, 
1655755110.1053278, 0, 
1655755110.107856, 0, 
1655755110.1110032, 0, 
1655755110.1136339, 0, 
1655755110.1161525, 0, 
1655755110.1186738, 0, 
1655755110.1261194, 0, 
1655755110.1287482, 0, 
1655755110.1312847, 0, 
1655755110.1343071, 0, 
1655755110.1370318, 0, 
1655755110.1395512, 0, 
1655755110.1421442, 0, 
1655755110.1446264, 0, 
1655755110.1471052, 0, 
1655755110.1495924, 0, 
1655755110.1574717, 0, 
1655755110.1608093, 0, 
1655755110.163478, 0, 
1655755110.1661212, 0, 
1655755110.168729, 0, 
1655755110.1713598, 0, 
1655755110.1739938, 0, 
1655755110.176629, 0, 
1655755110.1792214, 0, 
1655755110.1818771, 0, 
1655755110.1902652, 0, 
1655755110.192924, 0, 
1655755110.1957157, 0, 
1655755110.1983054, 0, 
1655755110.2008264, 0, 
1655755110.204339, 0, 
1655755110.2082863, 0, 
1655755110.2169018, 0, 
1655755110.220387, 0, 
1655755110.2233753, 0, 
1655755110.233245, 0, 
1655755110.2361135, 0, 
1655755110.2389112, 0, 
1655755110.2418802, 0, 
1655755110.2455635, 0, 
1655755110.2500298, 0, 
1655755110.25835, 0, 
1655755110.2612035, 0, 
1655755110.2642775, 0, 
1655755110.2670336, 0, 
1655755110.2749312, 0, 
1655755110.2777843, 0, 
1655755110.2812757, 0, 
1655755110.2845166, 0, 
1655755110.2872512, 0, 
1655755110.2900293, 0, 
1655755110.2928119, 0, 
1655755110.2958157, 0, 
1655755110.2983592, 0, 
1655755110.3009062, 0, 
1655755110.3083975, 0, 
1655755110.3110569, 0, 
1655755110.3136656, 0, 
1655755110.3165877, 0, 
1655755110.3192246, 0, 
1655755110.3218255, 0, 
1655755110.3244934, 0, 
1655755110.3270407, 0, 
1655755110.3304465, 0, 
1655755110.3332431, 0, 
1655755110.3405616, 0, 
1655755110.3433342, 0, 
1655755110.3458831, 0, 
1655755110.3485563, 0, 
1655755110.3510997, 0, 
1655755110.3551147, 0, 
1655755110.3577044, 0, 
1655755110.360603, 0, 
1655755110.363361, 0, 
1655755110.36605, 0, 
1655755110.3737953, 0, 
1655755110.3763494, 0, 
1655755110.3789487, 0, 
1655755110.381461, 0, 
1655755110.384193, 0, 
1655755110.3865235, 0, 
1655755110.3888583, 0, 
1655755110.3912668, 0, 
1655755110.3939378, 0, 
1655755110.3966212, 0, 
1655755110.404003, 0, 
1655755110.4065065, 0, 
1655755110.4088497, 0, 
1655755110.411199, 0, 
1655755110.4135673, 0, 
1655755110.415959, 0, 
1655755110.4189005, 0, 
1655755110.421732, 0, 
1655755110.4278207, 0, 
1655755110.4324384, 0, 
1655755110.4416862, 0, 
1655755110.4441931, 0, 
1655755110.4466424, 0, 
1655755110.4490194, 0, 
1655755110.451374, 0, 
1655755110.4537463, 0, 
1655755110.4566271, 0, 
1655755110.4593055, 0, 
1655755110.4616692, 0, 
1655755110.4641013, 0, 
1655755110.4712064, 0, 
1655755110.4736896, 0, 
1655755110.476061, 0, 
1655755110.4784684, 0, 
1655755110.481329, 0, 
1655755110.4837518, 0, 
1655755110.4861557, 0, 
1655755110.4885516, 0, 
1655755110.4908962, 0, 
1655755110.4932585, 0, 
1655755110.5021868, 0, 
1655755110.5052097, 0, 
1655755110.5075936, 0, 
1655755110.5099602, 0, 
1655755110.5123522, 0, 
1655755110.5147188, 0, 
1655755110.5170734, 0, 
1655755110.5194209, 0, 
1655755110.5218093, 0, 
1655755110.5241697, 0, 
1655755110.532521, 0, 
1655755110.5351586, 0, 
1655755110.537616, 0, 
1655755110.5401847, 0, 
1655755110.5427978, 0, 
1655755110.5452945, 0, 
1655755110.5477724, 0, 
1655755110.5501602, 0, 
1655755110.5529091, 0, 
1655755110.5553353, 0, 
1655755110.5626583, 0, 
1655755110.5656395, 0, 
1655755110.5680053, 0, 
1655755110.5703266, 0, 
1655755110.57273, 0, 
1655755110.5750656, 0, 
1655755110.577417, 0, 
1655755110.579746, 0, 
1655755110.5821266, 0, 
1655755110.5844574, 0, 
1655755110.5919209, 0, 
1655755110.5974617, 0, 
1655755110.6018875, 0, 
1655755110.6045563, 0, 
1655755110.6071007, 0, 
1655755110.6096094, 0, 
1655755110.6121936, 0, 
1655755110.6147194, 0, 
1655755110.617257, 0, 
1655755110.6198418, 0, 
1655755110.6274493, 0, 
1655755110.6301138, 0, 
1655755110.6326942, 0, 
1655755110.635844, 0, 
1655755110.6385398, 0, 
1655755110.6410718, 0, 
1655755110.646564, 0, 
1655755110.6501088, 0, 
1655755110.6529212, 0, 
1655755110.6555676, 0, 
1655755110.6630285, 0, 
1655755110.6656833, 0, 
1655755110.6681764, 0, 
1655755110.670714, 0, 
1655755110.673793, 0, 
1655755110.676646, 0, 
1655755110.6792126, 0, 
1655755110.6817102, 0, 
1655755110.6842282, 0, 
1655755110.686809, 0, 
1655755110.6941984, 0, 
1655755110.6968846, 0, 
1655755110.6998873, 0, 
1655755110.7030554, 0, 
1655755110.7059555, 0, 
1655755110.7086685, 0, 
1655755110.7114096, 0, 
1655755110.7142293, 0, 
1655755110.7170677, 0, 
1655755110.7196503, 0, 
1655755110.7275472, 0, 
1655755110.7303438, 0, 
1655755110.7329862, 0, 
1655755110.7356498, 0, 
1655755110.7384505, 0, 
1655755110.7415316, 0, 
1655755110.744034, 0, 
1655755110.7465138, 0, 
1655755110.7492614, 0, 
1655755110.75197, 0, 
1655755110.7658246, 0, 
1655755110.768813, 0, 
1655755110.7714384, 0, 
1655755110.7770002, 0, 
1655755110.7803254, 0, 
1655755110.7832205, 0, 
1655755110.7858434, 0, 
1655755110.78837, 0, 
1655755110.7908564, 0, 
1655755110.7933826, 0, 
1655755110.800939, 0, 
1655755110.803577, 0, 
1655755110.8069146, 0, 
1655755110.8095434, 0, 
1655755110.8120968, 0, 
1655755110.814627, 0, 
1655755110.8171494, 0, 
1655755110.819655, 0, 
1655755110.8222413, 0, 
1655755110.8247514, 0, 
1655755110.832654, 0, 
1655755110.8352935, 0, 
1655755110.837826, 0, 
1655755110.8403206, 0, 
1655755110.842935, 0, 
1655755110.8454387, 0, 
1655755110.847964, 0, 
1655755110.8504508, 0, 
1655755110.853147, 0, 
1655755110.8561916, 0, 
1655755110.864823, 0, 
1655755110.8675888, 0, 
1655755110.8701088, 0, 
1655755110.8727422, 0, 
1655755110.8752704, 0, 
1655755110.8779602, 0, 
1655755110.8809085, 0, 
1655755110.8834257, 0, 
1655755110.8859384, 0, 
1655755110.8885367, 0, 
1655755110.8967597, 0, 
1655755110.8994074, 0, 
1655755110.9020762, 0, 
1655755110.904746, 0, 
1655755110.9071045, 0, 
1655755110.9094605, 0, 
1655755110.9118328, 0, 
1655755110.9143305, 0, 
1655755110.9169505, 0, 
1655755110.9193025, 0, 
1655755110.9285922, 0, 
1655755110.9311147, 0, 
1655755110.9335234, 0, 
1655755110.9358974, 0, 
1655755110.9387746, 0, 
1655755110.9414446, 0, 
1655755110.9440396, 0, 
1655755110.950044, 0, 
1655755110.9535816, 0, 
1655755110.9559443, 0, 
1655755110.963103, 0, 
1655755110.9657629, 0, 
1655755110.9681795, 0, 
1655755110.9708433, 0, 
1655755110.9731848, 0, 
1655755110.975988, 0, 
1655755110.9785802, 0, 
1655755110.9809072, 0, 
1655755110.983254, 0, 
1655755110.9855797, 0, 
1655755110.9944415, 0, 
1655755110.9969575, 0, 
1655755110.9994571, 0, 
1655755111.0022967, 0, 
1655755111.0046215, 0, 
1655755111.006981, 0, 
1655755111.0093248, 0, 
1655755111.0116565, 0, 
1655755111.0139914, 0, 
1655755111.0163348, 0, 
1655755111.0236459, 0, 
1655755111.0267637, 0, 
1655755111.0291288, 0, 
1655755111.0314565, 0, 
1655755111.0338047, 0, 
1655755111.0361202, 0, 
1655755111.0384653, 0, 
1655755111.040794, 0, 
1655755111.0431278, 0, 
1655755111.0454555, 0, 
1655755111.056824, 0, 
1655755111.059354, 0, 
1655755111.0620382, 0, 
1655755111.064489, 0, 
1655755111.0668337, 0, 
1655755111.0692415, 0, 
1655755111.072321, 0, 
1655755111.0746603, 0, 
1655755111.0776386, 0, 
1655755111.0803952, 0, 
1655755111.086448, 0, 
1655755111.08906, 0, 
1655755111.0916662, 0, 
1655755111.0941381, 0, 
1655755111.097364, 0, 
1655755111.0997744, 0, 
1655755111.1023874, 0, 
1655755111.104735, 0, 
1655755111.1070445, 0, 
1655755111.1093583, 0, 
1655755111.1170437, 0, 
1655755111.1200793, 0, 
1655755111.1225884, 0, 
1655755111.125109, 0, 
1655755111.1310139, 0, 
1655755111.134507, 0, 
1655755111.1369317, 0, 
1655755111.1392782, 0, 
1655755111.1416442, 0, 
1655755111.1439946, 0, 
1655755111.1531613, 0, 
1655755111.1556153, 0, 
1655755111.1586204, 0, 
1655755111.16104, 0, 
1655755111.163405, 0, 
1655755111.165743, 0, 
1655755111.1680856, 0, 
1655755111.1704023, 0, 
1655755111.1727755, 0, 
1655755111.17512, 0, 
1655755111.1825373, 0, 
1655755111.185295, 0, 
1655755111.1876569, 0, 
1655755111.1899693, 0, 
1655755111.192303, 0, 
1655755111.1946325, 0, 
1655755111.1969616, 0, 
1655755111.1992774, 0, 
1655755111.2016034, 0, 
1655755111.2039917, 0, 
1655755111.211464, 0, 
1655755111.214046, 0, 
1655755111.21642, 0, 
1655755111.2187603, 0, 
1655755111.2211242, 0, 
1655755111.2234697, 0, 
1655755111.2258303, 0, 
1655755111.2281737, 0, 
1655755111.2305288, 0, 
1655755111.2333255, 0, 
1655755111.2404847, 0, 
1655755111.2432537, 0, 
1655755111.2456975, 0, 
1655755111.2481368, 0, 
1655755111.2505689, 0, 
1655755111.252955, 0, 
1655755111.2555437, 0, 
1655755111.2579305, 0, 
1655755111.2604172, 0, 
1655755111.2629201, 0, 
1655755111.2702105, 0, 
1655755111.2727356, 0, 
1655755111.2751117, 0, 
1655755111.2774282, 0, 
1655755111.2797716, 0, 
1655755111.2821457, 0, 
1655755111.2845044, 0, 
1655755111.286851, 0, 
1655755111.2892113, 0, 
1655755111.2921324, 0, 
1655755111.3031166, 0, 
1655755111.306758, 0, 
1655755111.309126, 0, 
1655755111.3114722, 0, 
1655755111.3138177, 0, 
1655755111.3163633, 0, 
1655755111.3190267, 1, 
1655755111.3215303, 0, 
1655755111.3239183, 0, 
1655755111.326292, 0, 
1655755111.3322563, 0, 
1655755111.3347247, 0, 
1655755111.3370724, 0, 
1655755111.3394291, 0, 
1655755111.3418293, 0, 
1655755111.3441737, 0, 
1655755111.3465137, 0, 
1655755111.3488672, 0, 
1655755111.351193, 0, 
1655755111.3539317, 0, 
1655755111.361297, 0, 
1655755111.3637722, 0, 
1655755111.3661366, 0, 
1655755111.3684676, 0, 
1655755111.3707821, 0, 
1655755111.373128, 0, 
1655755111.375465, 0, 
1655755111.3784256, 0, 
1655755111.3808646, 0, 
1655755111.3832068, 0, 
1655755111.3903856, 0, 
1655755111.3929288, 0, 
1655755111.395281, 0, 
1655755111.3976638, 0, 
1655755111.4000115, 0, 
1655755111.4027584, 0, 
1655755111.4051337, 0, 
1655755111.407744, 0, 
1655755111.4108138, 0, 
1655755111.4133542, 0, 
1655755111.420995, 0, 
1655755111.4236276, 0, 
1655755111.4260654, 0, 
1655755111.428471, 0, 
1655755111.4309237, 0, 
1655755111.43348, 0, 
1655755111.4358985, 0, 
1655755111.4383583, 0, 
1655755111.4408205, 0, 
1655755111.4431927, 0, 
1655755111.4510577, 0, 
1655755111.4535477, 0, 
1655755111.4559112, 0, 
1655755111.4582856, 0, 
1655755111.4606085, 0, 
1655755111.4630032, 0, 
1655755111.4653566, 0, 
1655755111.4677005, 0, 
1655755111.4703743, 0, 
1655755111.472872, 0, 
1655755111.4804587, 0, 
1655755111.4840434, 0, 
1655755111.4864879, 0, 
1655755111.4888368, 0, 
1655755111.4912038, 0, 
1655755111.4935493, 0, 
1655755111.495887, 0, 
1655755111.4982924, 0, 
1655755111.500647, 0, 
1655755111.5030375, 0, 
1655755111.510298, 0, 
1655755111.5127823, 0, 
1655755111.5151305, 0, 
1655755111.5174816, 0, 
1655755111.5198393, 0, 
1655755111.5221994, 0, 
1655755111.5245552, 0, 
1655755111.527189, 0, 
1655755111.5295382, 0, 
1655755111.5330224, 0, 
1655755111.5607262, 0, 
1655755111.5631564, 0, 
1655755111.5655057, 0, 
1655755111.567853, 0, 
1655755111.5701995, 0, 
1655755111.57257, 0, 
1655755111.5749373, 0, 
1655755111.5772786, 0, 
1655755111.5797603, 0, 
1655755111.5827003, 0, 
1655755111.594792, 0, 
1655755111.597394, 0, 
1655755111.5998585, 0, 
1655755111.6024995, 0, 
1655755111.6053133, 0, 
1655755111.607895, 0, 
1655755111.6104789, 0, 
1655755111.61319, 0, 
1655755111.6159613, 0, 
1655755111.6189976, 0, 
1655755111.6269739, 0, 
1655755111.6296809, 0, 
1655755111.63226, 0, 
1655755111.6348343, 0, 
1655755111.6380398, 0, 
1655755111.6436987, 0, 
1655755111.646394, 0, 
1655755111.6492846, 0, 
1655755111.6564136, 0, 
1655755111.6592417, 0, 
1655755111.6667242, 0, 
1655755111.6693535, 0, 
1655755111.6719253, 0, 
1655755111.6744237, 0, 
1655755111.6768909, 0, 
1655755111.6795492, 0, 
1655755111.6826715, 0, 
1655755111.6852202, 0, 
1655755111.6877356, 0, 
1655755111.6902199, 0, 
1655755111.6997302, 0, 
1655755111.7023995, 0, 
1655755111.7052293, 0, 
1655755111.7078228, 0, 
1655755111.7101653, 0, 
1655755111.71256, 0, 
1655755111.7149186, 0, 
1655755111.7172744, 0, 
1655755111.7196164, 0, 
1655755111.722001, 0, 
1655755111.7294285, 0, 
1655755111.7321503, 0, 
1655755111.7345085, 0, 
1655755111.736865, 0, 
1655755111.7392097, 0, 
1655755111.7415648, 0, 
1655755111.7441106, 0, 
1655755111.7464693, 0, 
1655755111.7488327, 0, 
1655755111.7515535, 0, 
1655755111.7617502, 0, 
1655755111.764579, 0, 
1655755111.766944, 0, 
1655755111.7693226, 0, 
1655755111.7716823, 0, 
1655755111.774129, 0, 
1655755111.7764692, 0, 
1655755111.778927, 0, 
1655755111.781376, 0, 
1655755111.7837782, 0, 
1655755111.7911897, 0, 
1655755111.793779, 0, 
1655755111.7962503, 0, 
1655755111.7990322, 0, 
1655755111.8014157, 0, 
1655755111.803753, 0, 
1655755111.8061082, 0, 
1655755111.808445, 0, 
1655755111.8107722, 0, 
1655755111.8131118, 0, 
1655755111.8202004, 0, 
1655755111.8230915, 0, 
1655755111.825519, 0, 
1655755111.8312948, 0, 
1655755111.8347065, 0, 
1655755111.837345, 0, 
1655755111.8397834, 0, 
1655755111.8421977, 0, 
1655755111.844549, 0, 
1655755111.8468862, 0, 
1655755111.8567038, 0, 
1655755111.8596349, 0, 
1655755111.8633566, 0, 
1655755111.8657322, 0, 
1655755111.8680778, 0, 
1655755111.8703954, 0, 
1655755111.872784, 0, 
1655755111.8751283, 0, 
1655755111.8774695, 0, 
1655755111.8798096, 0, 
1655755111.8872974, 0, 
1655755111.8897407, 0, 
1655755111.8921335, 0, 
1655755111.8944933, 0, 
1655755111.8968349, 0, 
1655755111.8991923, 0, 
1655755111.9015474, 0, 
1655755111.9038935, 0, 
1655755111.9062378, 0, 
1655755111.9087074, 0, 
1655755111.916375, 0, 
1655755111.9188743, 0, 
1655755111.9212236, 0, 
1655755111.923571, 0, 
1655755111.925906, 0, 
1655755111.9282682, 0, 
1655755111.9306047, 0, 
1655755111.9334762, 0, 
1655755111.936012, 0, 
1655755111.938396, 0, 
1655755111.9455009, 0, 
1655755111.9481635, 0, 
1655755111.950706, 0, 
1655755111.953178, 0, 
1655755111.9555585, 0, 
1655755111.9582515, 0, 
1655755111.9605944, 0, 
1655755111.963051, 0, 
1655755111.9656043, 0, 
1655755111.9682336, 0, 
1655755111.9764526, 0, 
1655755111.9789286, 0, 
1655755111.981292, 0, 
1655755111.9836414, 0, 
1655755111.9859648, 0, 
1655755111.9883215, 0, 
1655755111.9907038, 0, 
1655755111.9935021, 0, 
1655755111.9959953, 0, 
1655755111.9984403, 0, 
1655755112.009233, 0, 
1655755112.0116818, 0, 
1655755112.0140362, 0, 
1655755112.01639, 0, 
1655755112.0187287, 0, 
1655755112.0210824, 0, 
1655755112.0234213, 0, 
1655755112.0258062, 0, 
1655755112.0281525, 0, 
1655755112.0308628, 0, 
1655755112.0381913, 0, 
1655755112.040621, 0, 
1655755112.0430615, 0, 
1655755112.0453987, 0, 
1655755112.047758, 0, 
1655755112.0500994, 0, 
1655755112.0524726, 0, 
1655755112.0553508, 0, 
1655755112.057773, 0, 
1655755112.0601175, 0, 
1655755112.0674605, 0, 
1655755112.0702362, 0, 
1655755112.072749, 0, 
1655755112.0754983, 0, 
1655755112.0779417, 0, 
1655755112.080992, 0, 
1655755112.0833955, 0, 
1655755112.0857518, 0, 
1655755112.0881343, 0, 
1655755112.0905278, 0, 
1655755112.1011522, 0, 
1655755112.1041064, 0, 
1655755112.1065376, 0, 
1655755112.1091735, 0, 
1655755112.1115806, 0, 
1655755112.113974, 0, 
1655755112.1164262, 0, 
1655755112.11882, 0, 
1655755112.1214225, 0, 
1655755112.1237833, 0, 
1655755112.1310844, 0, 
1655755112.1336575, 0, 
1655755112.136047, 0, 
1655755112.1383967, 0, 
1655755112.1407514, 0, 
1655755112.143516, 0, 
1655755112.14597, 0, 
1655755112.148316, 0, 
1655755112.1507072, 0, 
1655755112.153068, 0, 
1655755112.160051, 0, 
1655755112.1625762, 0, 
1655755112.1651227, 0, 
1655755112.1677535, 0, 
1655755112.1702108, 0, 
1655755112.172718, 0, 
1655755112.1798859, 0, 
1655755112.1826963, 0, 
1655755112.1850598, 0, 
1655755112.1874077, 0, 
1655755112.1946697, 0, 
1655755112.197147, 0, 
1655755112.1995127, 0, 
1655755112.201925, 0, 
1655755112.2043157, 0, 
1655755112.2126853, 0, 
1655755112.2150779, 0, 
1655755112.2174208, 0, 
1655755112.2197762, 0, 
1655755112.2221525, 0, 
1655755112.2313302, 0, 
1655755112.2339516, 0, 
1655755112.2367933, 0, 
1655755112.2391524, 0, 
1655755112.2414963, 0, 
1655755112.2438154, 0, 
1655755112.2461479, 0, 
1655755112.248475, 0, 
1655755112.2508032, 0, 
1655755112.2531369, 0, 
1655755112.2602596, 0, 
1655755112.2628233, 0, 
1655755112.265175, 0, 
1655755112.2675347, 0, 
1655755112.2698627, 0, 
1655755112.2722657, 0, 
1655755112.2745655, 0, 
1655755112.276936, 0, 
1655755112.2792845, 0, 
1655755112.281631, 0, 
1655755112.2892263, 0, 
1655755112.291956, 0, 
1655755112.294513, 0, 
1655755112.2969515, 0, 
1655755112.2993293, 0, 
1655755112.3017151, 0, 
1655755112.304135, 0, 
1655755112.3067381, 0, 
1655755112.3091502, 0, 
1655755112.3115935, 0, 
1655755112.3190222, 0, 
1655755112.3215573, 0, 
1655755112.3239014, 0, 
1655755112.3262675, 0, 
1655755112.3286235, 0, 
1655755112.3309498, 0, 
1655755112.333295, 0, 
1655755112.3356671, 0, 
1655755112.3380144, 0, 
1655755112.3403456, 0, 
1655755112.3482554, 0, 
1655755112.355275, 0, 
1655755112.3579478, 0, 
1655755112.3603141, 0, 
1655755112.3627546, 0, 
1655755112.3654048, 0, 
1655755112.3677816, 0, 
1655755112.3701274, 0, 
1655755112.3725038, 0, 
1655755112.3748608, 0, 
1655755112.3856704, 0, 
1655755112.3881452, 0, 
1655755112.3904943, 0, 
1655755112.392888, 0, 
1655755112.395234, 0, 
1655755112.3976018, 0, 
1655755112.3999417, 0, 
1655755112.4023166, 0, 
1655755112.4051278, 0, 
1655755112.4074998, 0, 
1655755112.4145453, 0, 
1655755112.417093, 0, 
1655755112.4194963, 0, 
1655755112.4219568, 0, 
1655755112.4244583, 0, 
1655755112.4269867, 0, 
1655755112.429779, 0, 
1655755112.4321728, 0, 
1655755112.4345155, 0, 
1655755112.4368603, 0, 
1655755112.4441764, 0, 
1655755112.4467137, 0, 
1655755112.449079, 0, 
1655755112.4519668, 0, 
1655755112.4543867, 0, 
1655755112.456823, 0, 
1655755112.4593625, 0, 
1655755112.461826, 0, 
1655755112.464165, 0, 
1655755112.4664917, 0, 
1655755112.4762106, 0, 
1655755112.4788034, 0, 
1655755112.4813337, 0, 
1655755112.4836886, 0, 
1655755112.4860942, 0, 
1655755112.48848, 0, 
1655755112.4909868, 0, 
1655755112.4937851, 0, 
1655755112.4961488, 0, 
1655755112.4985015, 0, 
1655755112.5057936, 0, 
1655755112.5082524, 0, 
1655755112.510602, 0, 
1655755112.5129907, 0, 
1655755112.515795, 0, 
1655755112.5183136, 0, 
1655755112.5207934, 0, 
1655755112.5271156, 0, 
1655755112.5305393, 0, 
1655755112.5334485, 0, 
1655755112.5385575, 0, 
1655755112.5409944, 0, 
1655755112.5433588, 0, 
1655755112.545688, 0, 
1655755112.5480437, 0, 
1655755112.5503883, 0, 
1655755112.5527568, 0, 
1655755112.5556815, 0, 
1655755112.558096, 0, 
1655755112.5604517, 0, 
1655755112.5675979, 0, 
1655755112.5700655, 0, 
1655755112.5724454, 0, 
1655755112.5747914, 0, 
1655755112.577159, 0, 
1655755112.5801125, 0, 
1655755112.582501, 0, 
1655755112.58486, 0, 
1655755112.587216, 0, 
1655755112.5895522, 0, 
1655755112.5968146, 0, 
1655755112.5992758, 0, 
1655755112.6018603, 0, 
1655755112.6047227, 0, 
1655755112.6070817, 0, 
1655755112.6094275, 0, 
1655755112.6118102, 0, 
1655755112.6141536, 0, 
1655755112.6165063, 0, 
1655755112.6188605, 0, 
1655755112.6291904, 0, 
1655755112.631715, 0, 
1655755112.6343665, 0, 
1655755112.6370928, 0, 
1655755112.6415281, 0, 
1655755112.6446085, 0, 
1655755112.6469817, 0, 
1655755112.6493623, 0, 
1655755112.6520436, 0, 
1655755112.6544847, 0, 
1655755112.6616364, 0, 
1655755112.6644728, 0, 
1655755112.6668618, 0, 
1655755112.6692207, 0, 
1655755112.671551, 0, 
1655755112.6738951, 0, 
1655755112.6762385, 0, 
1655755112.6785965, 0, 
1655755112.6809351, 0, 
1655755112.683261, 0, 
1655755112.6970866, 0, 
1655755112.7004185, 0, 
1655755112.7032733, 0, 
1655755112.7056563, 0, 
1655755112.708015, 0, 
1655755112.7103567, 0, 
1655755112.7127464, 0, 
1655755112.7150705, 0, 
1655755112.7174215, 0, 
1655755112.719776, 0, 
1655755112.7273147, 0, 
1655755112.7297525, 0, 
1655755112.7321599, 0, 
1655755112.7345054, 0, 
1655755112.7368596, 0, 
1655755112.7391906, 0, 
1655755112.741546, 0, 
1655755112.7443297, 0, 
1655755112.7466748, 0, 
1655755112.7496567, 0, 
1655755112.7610939, 0, 
1655755112.7635562, 0, 
1655755112.7659163, 0, 
1655755112.7682586, 0, 
1655755112.7706006, 0, 
1655755112.7734299, 0, 
1655755112.77582, 0, 
1655755112.7781746, 0, 
1655755112.7805326, 0, 
1655755112.7829049, 0, 
1655755112.789976, 0, 
1655755112.7924852, 0, 
1655755112.7950096, 0, 
1655755112.7976415, 0, 
1655755112.8000517, 0, 
1655755112.8027766, 0, 
1655755112.8051267, 0, 
1655755112.8075244, 0, 
1655755112.8098948, 0, 
1655755112.8124025, 0, 
1655755112.8197455, 0, 
1655755112.8222325, 0, 
1655755112.8248339, 0, 
1655755112.827244, 0, 
1655755112.8296382, 0, 
1655755112.8320632, 0, 
1655755112.8344734, 0, 
1655755112.8370333, 0, 
1655755112.8394759, 0, 
1655755112.8418596, 0, 
1655755112.8488104, 0, 
1655755112.85127, 0, 
1655755112.8536081, 0, 
1655755112.8559577, 0, 
1655755112.8585334, 0, 
1655755112.8613088, 0, 
1655755112.8637838, 0, 
1655755112.8696387, 0, 
1655755112.8728445, 0, 
1655755112.8758755, 0, 
1655755112.8865514, 0, 
1655755112.8890429, 0, 
1655755112.891391, 0, 
1655755112.8937166, 0, 
1655755112.8960505, 0, 
1655755112.8987684, 0, 
1655755112.9011137, 0, 
1655755112.9034734, 0, 
1655755112.905804, 0, 
1655755112.9081476, 0, 
1655755112.9152591, 0, 
1655755112.9177206, 0, 
1655755112.9202416, 0, 
1655755112.9228811, 0, 
1655755112.9252567, 0, 
1655755112.927619, 0, 
1655755112.9299712, 0, 
1655755112.9323468, 0, 
1655755112.9346905, 0, 
1655755112.937033, 0, 
1655755112.9443638, 0, 
1655755112.94741, 0, 
1655755112.949832, 0, 
1655755112.952214, 0, 
1655755112.9545565, 0, 
1655755112.9569144, 0, 
1655755112.95925, 0, 
1655755112.9617908, 0, 
1655755112.964177, 0, 
1655755112.966544, 0, 
1655755112.9719472, 0, 
1655755112.9744215, 0, 
1655755112.9768355, 0, 
1655755112.9792066, 0, 
1655755112.9817665, 0, 
1655755112.9842293, 0, 
1655755112.9866245, 0, 
1655755112.989047, 0, 
1655755112.9914024, 0, 
1655755112.9938614, 0, 
1655755113.0032146, 0, 
1655755113.0059702, 0, 
1655755113.0083425, 0, 
1655755113.0107217, 0, 
1655755113.0130994, 0, 
1655755113.015428, 0, 
1655755113.0177813, 0, 
1655755113.0201209, 0, 
1655755113.0224893, 0, 
1655755113.0248334, 0, 
1655755113.0524335, 0, 
1655755113.0549347, 0, 
1655755113.0572844, 0, 
1655755113.0596237, 0, 
1655755113.0619931, 0, 
1655755113.0643387, 0, 
1655755113.0672104, 1, 
1655755113.069786, 0, 
1655755113.0721853, 0, 
1655755113.0745754, 0, 
1655755113.0800645, 0, 
1655755113.0826395, 0, 
1655755113.0850847, 0, 
1655755113.0875294, 0, 
1655755113.090503, 0, 
1655755113.0929644, 0, 
1655755113.0953434, 0, 
1655755113.0978224, 0, 
1655755113.1001973, 0, 
1655755113.1028538, 0, 
1655755113.1100895, 0, 
1655755113.1129186, 0, 
1655755113.115971, 0, 
1655755113.1184614, 0, 
1655755113.1209366, 0, 
1655755113.1234136, 0, 
1655755113.125911, 0, 
1655755113.128406, 0, 
1655755113.1308813, 0, 
1655755113.1333966, 0, 
1655755113.1419048, 0, 
1655755113.1445658, 0, 
1655755113.1470637, 0, 
1655755113.1497333, 0, 
1655755113.152513, 0, 
1655755113.1550903, 0, 
1655755113.1577563, 0, 
1655755113.1605327, 0, 
1655755113.1631403, 0, 
1655755113.1656437, 0, 
1655755113.174287, 0, 
1655755113.176927, 0, 
1655755113.1794353, 0, 
1655755113.1822388, 0, 
1655755113.1848772, 0, 
1655755113.187389, 0, 
1655755113.189884, 0, 
1655755113.1924148, 0, 
1655755113.1949434, 0, 
1655755113.1974034, 0, 
1655755113.2061417, 0, 
1655755113.209439, 0, 
1655755113.2134666, 0, 
1655755113.21948, 0, 
1655755113.2229972, 0, 
1655755113.2254314, 0, 
1655755113.227787, 0, 
1655755113.2301672, 0, 
1655755113.2325516, 0, 
1655755113.2348616, 0, 
1655755113.2420459, 0, 
1655755113.244589, 0, 
1655755113.2472334, 0, 
1655755113.2496085, 0, 
1655755113.2520206, 0, 
1655755113.2543654, 0, 
1655755113.2567084, 0, 
1655755113.259039, 0, 
1655755113.261377, 0, 
1655755113.263726, 0, 
1655755113.2710648, 0, 
1655755113.2735212, 0, 
1655755113.2758796, 0, 
1655755113.2782464, 0, 
1655755113.2805693, 0, 
1655755113.2829187, 0, 
1655755113.2852407, 0, 
1655755113.2875803, 0, 
1655755113.2899296, 0, 
1655755113.2922857, 0, 
1655755113.3020725, 0, 
1655755113.3045535, 0, 
1655755113.3069053, 0, 
1655755113.3092618, 0, 
1655755113.3116152, 0, 
1655755113.313966, 0, 
1655755113.316341, 0, 
1655755113.3192737, 0, 
1655755113.3220146, 0, 
1655755113.3244445, 0, 
1655755113.3296263, 0, 
1655755113.332394, 0, 
1655755113.334766, 0, 
1655755113.3372033, 0, 
1655755113.3396318, 0, 
1655755113.3420918, 0, 
1655755113.344555, 0, 
1655755113.3469346, 0, 
1655755113.3492768, 0, 
1655755113.351695, 0, 
1655755113.359017, 0, 
1655755113.3614864, 0, 
1655755113.363835, 0, 
1655755113.3661764, 0, 
1655755113.3685336, 0, 
1655755113.3708706, 0, 
1655755113.373228, 0, 
1655755113.375562, 0, 
1655755113.3783047, 0, 
1655755113.380866, 0, 
1655755113.388233, 0, 
1655755113.3923929, 0, 
1655755113.394801, 0, 
1655755113.3971446, 0, 
1655755113.399775, 0, 
1655755113.4021974, 0, 
1655755113.4045482, 0, 
1655755113.4069269, 0, 
1655755113.409306, 0, 
1655755113.411661, 0, 
1655755113.4194686, 0, 
1655755113.4223368, 0, 
1655755113.4247282, 0, 
1655755113.4270713, 0, 
1655755113.4294622, 0, 
1655755113.4318433, 0, 
1655755113.434206, 0, 
1655755113.436535, 0, 
1655755113.439381, 0, 
1655755113.442033, 0, 
1655755113.4490185, 0, 
1655755113.4514885, 0, 
1655755113.453844, 0, 
1655755113.4561923, 0, 
1655755113.4585342, 0, 
1655755113.460886, 0, 
1655755113.463649, 0, 
1655755113.4662395, 0, 
1655755113.4685824, 0, 
1655755113.4709218, 0, 
1655755113.4779775, 0, 
1655755113.480427, 0, 
1655755113.4828026, 0, 
1655755113.485145, 0, 
1655755113.4883635, 0, 
1655755113.4907868, 0, 
1655755113.493141, 0, 
1655755113.4958215, 0, 
1655755113.4981852, 0, 
1655755113.500612, 0, 
1655755113.506151, 0, 
1655755113.5086517, 0, 
1655755113.5110986, 0, 
1655755113.5135303, 0, 
1655755113.5160315, 0, 
1655755113.5186012, 0, 
1655755113.520964, 0, 
1655755113.523341, 0, 
1655755113.5256891, 0, 
1655755113.528155, 0, 
1655755113.53796, 0, 
1655755113.5404196, 0, 
1655755113.5427947, 0, 
1655755113.545122, 0, 
1655755113.5474484, 0, 
1655755113.5497715, 0, 
1655755113.5521352, 0, 
1655755113.5547044, 0, 
1655755113.557124, 0, 
1655755113.5629447, 0, 
1655755113.5719366, 0, 
1655755113.5744143, 0, 
1655755113.5767803, 0, 
1655755113.579112, 0, 
1655755113.5814693, 0, 
1655755113.5838132, 0, 
1655755113.586171, 0, 
1655755113.5885136, 0, 
1655755113.5910587, 0, 
1655755113.5939617, 0, 
1655755113.601031, 0, 
1655755113.603522, 0, 
1655755113.6058908, 0, 
1655755113.6082344, 0, 
1655755113.6105938, 0, 
1655755113.6129303, 0, 
1655755113.6157947, 0, 
1655755113.61851, 0, 
1655755113.6208763, 0, 
1655755113.6232393, 0, 
1655755113.6304693, 0, 
1655755113.6329732, 0, 
1655755113.635343, 0, 
1655755113.637687, 0, 
1655755113.6410084, 0, 
1655755113.643819, 0, 
1655755113.647643, 0, 
1655755113.650393, 0, 
1655755113.652779, 0, 
1655755113.655104, 0, 
1655755113.6622217, 0, 
1655755113.6646883, 0, 
1655755113.667675, 0, 
1655755113.6700318, 0, 
1655755113.672479, 0, 
1655755113.6748896, 0, 
1655755113.6772928, 0, 
1655755113.679772, 0, 
1655755113.682223, 0, 
1655755113.684583, 0, 
1655755113.6937752, 0, 
1655755113.696257, 0, 
1655755113.698654, 0, 
1655755113.7012274, 0, 
1655755113.7036555, 0, 
1655755113.7060132, 0, 
1655755113.7084138, 0, 
1655755113.7107694, 0, 
1655755113.7131023, 0, 
1655755113.7154155, 0, 
1655755113.7236478, 0, 
1655755113.7264085, 0, 
1655755113.7288926, 0, 
1655755113.734428, 0, 
1655755113.7376163, 0, 
1655755113.7402835, 0, 
1655755113.7426865, 0, 
1655755113.7450395, 0, 
1655755113.7473896, 0, 
1655755113.7499382, 0, 
1655755113.75597, 0, 
1655755113.759119, 0, 
1655755113.7640774, 0, 
1655755113.7669218, 0, 
1655755113.7693043, 0, 
1655755113.77163, 0, 
1655755113.7739708, 0, 
1655755113.7763271, 0, 
1655755113.7786539, 0, 
1655755113.7809916, 0, 
1655755113.7931347, 0, 
1655755113.7956002, 0, 
1655755113.7979364, 0, 
1655755113.8002768, 0, 
1655755113.8026414, 0, 
1655755113.8049812, 0, 
1655755113.8073587, 0, 
1655755113.809733, 0, 
1655755113.8122504, 0, 
1655755113.8151133, 0, 
1655755113.8225021, 0, 
1655755113.8249838, 0, 
1655755113.8273475, 0, 
1655755113.829687, 0, 
1655755113.832076, 0, 
1655755113.834413, 0, 
1655755113.837183, 0, 
1655755113.8395913, 0, 
1655755113.8419783, 0, 
1655755113.8443308, 0, 
1655755113.8500922, 0, 
1655755113.852582, 0, 
1655755113.8550043, 0, 
1655755113.8574786, 0, 
1655755113.8598588, 0, 
1655755113.8623013, 0, 
1655755113.8652031, 0, 
1655755113.8676567, 0, 
1655755113.8706462, 0, 
1655755113.873083, 0, 
1655755113.878359, 0, 
1655755113.881085, 0, 
1655755113.8837068, 0, 
1655755113.8860576, 0, 
1655755113.8884132, 0, 
1655755113.8907697, 0, 
1655755113.8931093, 0, 
1655755113.8954473, 0, 
1655755113.8977852, 0, 
1655755113.90043, 0, 
1655755113.907773, 0, 
1655755113.9104164, 0, 
1655755113.9166434, 0, 
1655755113.9201193, 0, 
1655755113.9225674, 0, 
1655755113.924897, 0, 
1655755113.9272587, 0, 
1655755113.929613, 0, 
1655755113.9319606, 0, 
1655755113.9343185, 0, 
1655755113.9447172, 0, 
1655755113.9472098, 0, 
1655755113.9495683, 0, 
1655755113.9519708, 0, 
1655755113.954328, 0, 
1655755113.95666, 0, 
1655755113.959016, 0, 
1655755113.9613578, 0, 
1655755113.963679, 0, 
1655755113.966263, 0, 
1655755113.9749334, 0, 
1655755113.9774637, 0, 
1655755113.9798038, 0, 
1655755113.9821458, 0, 
1655755113.984485, 0, 
1655755113.9869711, 0, 
1655755113.9893174, 0, 
1655755113.9921567, 0, 
1655755113.9945245, 0, 
1655755113.9968705, 0, 
1655755114.0039241, 0, 
1655755114.0063932, 0, 
1655755114.0087414, 0, 
1655755114.0110705, 0, 
1655755114.0134094, 0, 
1655755114.0161676, 0, 
1655755114.0186756, 0, 
1655755114.0210762, 0, 
1655755114.0235221, 0, 
1655755114.025868, 0, 
1655755114.0335057, 0, 
1655755114.035993, 0, 
1655755114.0386312, 0, 
1655755114.0410867, 0, 
1655755114.0435297, 0, 
1655755114.045897, 0, 
1655755114.0482593, 0, 
1655755114.0507581, 0, 
1655755114.0532072, 0, 
1655755114.0555491, 0, 
1655755114.0625184, 0, 
1655755114.0650005, 0, 
1655755114.0673242, 0, 
1655755114.0696845, 0, 
1655755114.072152, 0, 
1655755114.0749173, 0, 
1655755114.0779452, 0, 
1655755114.0804362, 0, 
1655755114.0894647, 0, 
1655755114.0922356, 0, 
1655755114.1017563, 0, 
1655755114.1042283, 0, 
1655755114.1065814, 0, 
1655755114.108941, 0, 
1655755114.1113126, 0, 
1655755114.1141968, 0, 
1655755114.116551, 0, 
1655755114.1188946, 0, 
1655755114.1212523, 0, 
1655755114.123584, 0, 
1655755114.130926, 0, 
1655755114.1334054, 0, 
1655755114.1359215, 0, 
1655755114.1387665, 0, 
1655755114.141116, 0, 
1655755114.1434722, 0, 
1655755114.1458044, 0, 
1655755114.1481454, 0, 
1655755114.1505044, 0, 
1655755114.152864, 0, 
1655755114.160002, 0, 
1655755114.1631382, 0, 
1655755114.16551, 0, 
1655755114.1678543, 0, 
1655755114.1701977, 0, 
1655755114.1725776, 0, 
1655755114.1749215, 0, 
1655755114.1772733, 0, 
1655755114.1796415, 0, 
1655755114.1820073, 0, 
1655755114.1907136, 0, 
1655755114.1933706, 0, 
1655755114.195748, 0, 
1655755114.1980987, 0, 
1655755114.2004602, 0, 
1655755114.2034767, 1, 
1655755114.2058678, 0, 
1655755114.2084925, 0, 
1655755114.2119417, 0, 
1655755114.2164047, 0, 
1655755114.2256477, 0, 
1655755114.2285552, 0, 
1655755114.2310114, 0, 
1655755114.2333813, 0, 
1655755114.2357345, 0, 
1655755114.2380807, 0, 
1655755114.2404244, 0, 
1655755114.2427871, 0, 
1655755114.2451162, 0, 
1655755114.2474732, 0, 
1655755114.2558422, 0, 
1655755114.2618396, 0, 
1655755114.2650824, 0, 
1655755114.2676866, 0, 
1655755114.2700999, 0, 
1655755114.2724752, 0, 
1655755114.2748437, 0, 
1655755114.2771864, 0, 
1655755114.2795851, 0, 
1655755114.2819693, 0, 
1655755114.2894561, 0, 
1655755114.2926404, 0, 
1655755114.2950058, 0, 
1655755114.2973666, 0, 
1655755114.2997096, 0, 
1655755114.3021054, 0, 
1655755114.3045213, 0, 
1655755114.3068604, 0, 
1655755114.309219, 0, 
1655755114.311559, 0, 
1655755114.320486, 0, 
1655755114.3230977, 0, 
1655755114.32547, 0, 
1655755114.327813, 0, 
1655755114.3301687, 0, 
1655755114.3325403, 0, 
1655755114.334889, 0, 
1655755114.3372767, 0, 
1655755114.3399062, 0, 
1655755114.3422985, 0, 
1655755114.349609, 0, 
1655755114.3521342, 0, 
1655755114.3544812, 0, 
1655755114.3568354, 0, 
1655755114.3591762, 0, 
1655755114.3615174, 0, 
1655755114.3644457, 0, 
1655755114.366818, 0, 
1655755114.3692129, 0, 
1655755114.3716736, 0, 
1655755114.3809385, 0, 
1655755114.3835244, 0, 
1655755114.386155, 0, 
1655755114.388614, 0, 
1655755114.3910558, 0, 
1655755114.393399, 0, 
1655755114.395735, 0, 
1655755114.3985815, 0, 
1655755114.401016, 0, 
1655755114.403376, 0, 
1655755114.410495, 0, 
1655755114.4130337, 0, 
1655755114.4153876, 0, 
1655755114.4177327, 0, 
1655755114.4200892, 0, 
1655755114.4236093, 0, 
1655755114.4262016, 0, 
1655755114.4321928, 0, 
1655755114.4354355, 0, 
1655755114.4381192, 0, 
1655755114.4452734, 0, 
1655755114.4477587, 0, 
1655755114.4501226, 0, 
1655755114.4525092, 0, 
1655755114.4548542, 0, 
1655755114.4572206, 0, 
1655755114.459977, 0, 
1655755114.4624383, 0, 
1655755114.464784, 0, 
1655755114.467144, 0, 
1655755114.474431, 0, 
1655755114.4769065, 0, 
1655755114.4792876, 0, 
1655755114.4816458, 0, 
1655755114.48459, 0, 
1655755114.4870143, 0, 
1655755114.489359, 0, 
1655755114.4917238, 0, 
1655755114.4940696, 0, 
1655755114.4964437, 0, 
1655755114.5034738, 0, 
1655755114.5062757, 0, 
1655755114.5089617, 0, 
1655755114.5113406, 0, 
1655755114.5137427, 0, 
1655755114.5161324, 0, 
1655755114.5185034, 0, 
1655755114.5208726, 0, 
1655755114.5232158, 0, 
1655755114.5255876, 0, 
1655755114.5611453, 0, 
1655755114.5639873, 0, 
1655755114.5664072, 0, 
1655755114.5687673, 0, 
1655755114.5711207, 0, 
1655755114.573824, 0, 
1655755114.5762675, 0, 
1655755114.5786958, 0, 
1655755114.5810935, 0, 
1655755114.5836053, 0, 
1655755114.591005, 0, 
1655755114.5936112, 0, 
1655755114.5962214, 0, 
1655755114.5988457, 0, 
1655755114.601205, 0, 
1655755114.6035259, 0, 
1655755114.6058507, 0, 
1655755114.6081715, 0, 
1655755114.6104934, 0, 
1655755114.6128907, 0, 
1655755114.6203828, 0, 
1655755114.6233032, 0, 
1655755114.6260397, 0, 
1655755114.6335168, 0, 
1655755114.6363587, 0, 
1655755114.6389298, 0, 
1655755114.6414258, 0, 
1655755114.6439474, 0, 
1655755114.646459, 0, 
1655755114.6489687, 0, 
1655755114.65665, 0, 
1655755114.6598012, 0, 
1655755114.6623685, 0, 
1655755114.6649418, 0, 
1655755114.6680284, 0, 
1655755114.671236, 0, 
1655755114.6741407, 0, 
1655755114.676664, 0, 
1655755114.6791525, 0, 
1655755114.681671, 0, 
1655755114.7043097, 0, 
1655755114.70696, 0, 
1655755114.709487, 0, 
1655755114.7124944, 0, 
1655755114.7152865, 0, 
1655755114.7178226, 0, 
1655755114.7203243, 0, 
1655755114.7228954, 0, 
1655755114.7254207, 0, 
1655755114.7279453, 0, 
1655755114.7390838, 0, 
1655755114.7418776, 0, 
1655755114.744513, 0, 
1655755114.74706, 0, 
1655755114.7498887, 0, 
1655755114.752438, 0, 
1655755114.7549489, 0, 
1655755114.7574553, 0, 
1655755114.7602026, 0, 
1655755114.7628324, 0, 
1655755114.7707546, 0, 
1655755114.773887, 0, 
1655755114.7764952, 0, 
1655755114.7792978, 0, 
1655755114.7827282, 0, 
1655755114.786469, 0, 
1655755114.7889967, 0, 
1655755114.791496, 0, 
1655755114.794028, 0, 
1655755114.7971032, 0, 
1655755114.805803, 0, 
1655755114.8101919, 0, 
1655755114.8127985, 0, 
1655755114.8153827, 0, 
1655755114.8178773, 0, 
1655755114.8202121, 0, 
1655755114.8225877, 0, 
1655755114.8249154, 0, 
1655755114.8272495, 0, 
1655755114.8295689, 0, 
1655755114.841134, 0, 
1655755114.8436487, 0, 
1655755114.846091, 0, 
1655755114.8484564, 0, 
1655755114.8508236, 0, 
1655755114.8531828, 0, 
1655755114.8555481, 0, 
1655755114.8583803, 0, 
1655755114.8607855, 0, 
1655755114.8631568, 0, 
1655755114.870822, 0, 
1655755114.8733141, 0, 
1655755114.8756945, 0, 
1655755114.878067, 0, 
1655755114.880605, 0, 
1655755114.8834407, 0, 
1655755114.8858101, 0, 
1655755114.8882203, 0, 
1655755114.8910198, 0, 
1655755114.8934321, 0, 
1655755114.9034054, 0, 
1655755114.9063962, 0, 
1655755114.90899, 0, 
1655755114.9118333, 0, 
1655755114.914187, 0, 
1655755114.91653, 0, 
1655755114.9188852, 0, 
1655755114.9215367, 0, 
1655755114.9239204, 0, 
1655755114.92637, 0, 
1655755114.9334826, 0, 
1655755114.936026, 0, 
1655755114.9385746, 0, 
1655755114.9410596, 0, 
1655755114.94345, 0, 
1655755114.946568, 0, 
1655755114.9490576, 0, 
1655755114.9513922, 0, 
1655755114.9537375, 0, 
1655755114.9560773, 0, 
1655755114.9650714, 0, 
1655755114.9675715, 0, 
1655755114.9703732, 0, 
1655755114.9730048, 0, 
1655755114.975421, 0, 
1655755114.9813938, 0, 
1655755114.9851022, 0, 
1655755114.9875474, 0, 
1655755114.990232, 0, 
1655755114.9929273, 0, 
1655755114.9983778, 0, 
1655755115.000859, 0, 
1655755115.0032742, 0, 
1655755115.005645, 0, 
1655755115.0081396, 0, 
1655755115.0109258, 0, 
1655755115.0132973, 0, 
1655755115.0156677, 0, 
1655755115.0180073, 0, 
1655755115.0203772, 0, 
1655755115.027542, 0, 
1655755115.0300121, 0, 
1655755115.0328856, 0, 
1655755115.0354784, 0, 
1655755115.037826, 0, 
1655755115.0401576, 0, 
1655755115.0425296, 0, 
1655755115.0448503, 0, 
1655755115.0471842, 0, 
1655755115.0495112, 0, 
1655755115.0569584, 0, 
1655755115.0596964, 0, 
1655755115.062107, 0, 
1655755115.0644798, 0, 
1655755115.0668523, 0, 
1655755115.0692217, 0, 
1655755115.0715814, 0, 
1655755115.0739534, 0, 
1655755115.0763204, 0, 
1655755115.0786905, 0, 
1655755115.086596, 0, 
1655755115.0891998, 0, 
1655755115.0916104, 0, 
1655755115.094365, 0, 
1655755115.0967288, 0, 
1655755115.0990899, 0, 
1655755115.101569, 1, 
1655755115.1044326, 0, 
1655755115.1072452, 0, 
1655755115.1102395, 0, 
1655755115.1172166, 0, 
1655755115.1197104, 0, 
1655755115.1221337, 0, 
1655755115.124505, 0, 
1655755115.1268744, 0, 
1655755115.129271, 0, 
1655755115.1316433, 0, 
1655755115.134017, 0, 
1655755115.136388, 0, 
1655755115.138912, 0, 
1655755115.14919, 0, 
1655755115.1525445, 0, 
1655755115.1552496, 0, 
1655755115.157626, 0, 
1655755115.159995, 0, 
1655755115.1623552, 0, 
1655755115.1647258, 0, 
1655755115.1670797, 0, 
1655755115.1694462, 0, 
1655755115.171823, 0, 
1655755115.1792989, 0, 
1655755115.181839, 0, 
1655755115.1842215, 0, 
1655755115.186592, 0, 
1655755115.1889641, 0, 
1655755115.1913068, 0, 
1655755115.19368, 0, 
1655755115.1960366, 0, 
1655755115.1984046, 0, 
1655755115.2010753, 0, 
1655755115.20821, 0, 
1655755115.2107038, 0, 
1655755115.2130876, 0, 
1655755115.2154872, 0, 
1655755115.2219515, 0, 
1655755115.2243547, 0, 
1655755115.2267249, 0, 
1655755115.2294655, 0, 
1655755115.2321432, 0, 
1655755115.234523, 0, 
1655755115.2438562, 0, 
1655755115.2463365, 0, 
1655755115.2486863, 0, 
1655755115.2510576, 0, 
1655755115.2539287, 0, 
1655755115.2563407, 0, 
1655755115.2586656, 0, 
1655755115.2610161, 0, 
1655755115.2637157, 0, 
1655755115.2662005, 0, 
1655755115.2715452, 0, 
1655755115.274543, 0, 
1655755115.276982, 0, 
1655755115.2793157, 0, 
1655755115.2816534, 0, 
1655755115.2842, 0, 
1655755115.2866375, 0, 
1655755115.2890723, 0, 
1655755115.29145, 0, 
1655755115.2937894, 0, 
1655755115.3013403, 0, 
1655755115.3038273, 0, 
1655755115.3061686, 0, 
1655755115.3085554, 0, 
1655755115.3108854, 0, 
1655755115.3132257, 0, 
1655755115.3155596, 0, 
1655755115.3178923, 0, 
1655755115.32075, 0, 
1655755115.3234665, 0, 
1655755115.3298032, 0, 
1655755115.3341875, 0, 
1655755115.3367589, 0, 
1655755115.3391194, 0, 
1655755115.3414752, 0, 
1655755115.3438506, 0, 
1655755115.3462205, 0, 
1655755115.34858, 0, 
1655755115.3509545, 0, 
1655755115.3533263, 0, 
1655755115.3657825, 0, 
1655755115.3682985, 0, 
1655755115.370714, 0, 
1655755115.3730733, 0, 
1655755115.375443, 0, 
1655755115.3777993, 0, 
1655755115.380179, 0, 
1655755115.382823, 0, 
1655755115.385263, 0, 
1655755115.387634, 0, 
1655755115.3950694, 0, 
1655755115.3975515, 0, 
1655755115.3999345, 0, 
1655755115.4023273, 0, 
1655755115.4048707, 0, 
1655755115.4075615, 0, 
1655755115.4099255, 0, 
1655755115.4123108, 0, 
1655755115.41468, 0, 
1655755115.4170487, 0, 
1655755115.424151, 0, 
1655755115.4266362, 0, 
1655755115.429007, 0, 
1655755115.4321446, 0, 
1655755115.4347897, 0, 
1655755115.4378238, 0, 
1655755115.440341, 0, 
1655755115.4432118, 0, 
1655755115.445886, 0, 
1655755115.4485967, 0, 
1655755115.4562235, 0, 
1655755115.4589164, 0, 
1655755115.4617121, 0, 
1655755115.4646308, 0, 
1655755115.4676313, 0, 
1655755115.471023, 0, 
1655755115.4735882, 0, 
1655755115.4761078, 0, 
1655755115.4786704, 0, 
1655755115.481226, 0, 
